date,code,pred_return_60d,pred_return_90d,pred_mdd_60d,pred_mdd_90d,prob_top20_60d,prob_top20_90d,score,score_score,composite,close,quality_score,name,market,sector,tech_score,pred_score,ret_score,prob_score,qual_score,final_score,risk_penalty,market_up,market_status_date,market_kospi_close,market_kospi_ma20,market_vol_5d,market_foreign_5d,generated_at
2025-11-27,009540,0.5533362532462951,0.3431797900260118,-0.2474379403398425,-0.3350350982803703,0.9779092482258384,0.262965392114538,55.33362532462951,39.68,-0.4171010563649648,432500.0,0.0437717950987402,HD한국조선해양,KOSPI,조선,55.33362532462951,98.94179894179894,98.94179894179894,97.79092482258383,50.0,68.48656445159025,9.743794033984251,False,2025-11-26,3960.87,4026.5025,0.0250509863927872,-2360912998862.0,2025-11-27 00:21:10
2025-11-27,329180,0.5312636416807128,0.2561769113852026,-0.2677346771937181,-0.3430396802317443,0.8994708739392007,0.1794328925358553,53.12636416807128,43.92,-0.2078470700189739,566000.0,-0.0174919561949169,HD현대중공업,KOSPI,조선,53.12636416807128,98.4126984126984,98.4126984126984,89.94708739392007,31.818181818181817,60.94775017606638,11.773467719371808,False,2025-11-26,3960.87,4026.5025,0.0250509863927872,-2360912998862.0,2025-11-27 00:21:10
2025-11-27,035900,0.1909837550616584,0.268314250106209,-0.1434512845671963,-0.3186245033500685,0.5924476595671325,0.0066700716571549,19.098375506165844,4.76,-5.434729924573533,64500.0,0.3984398520089697,JYP Ent.,KOSDAQ,방송과엔터테인먼트,19.098375506165844,84.65608465608466,84.65608465608466,59.24476595671325,100.0,60.937529537853464,0.0,False,2025-11-26,3960.87,4026.5025,0.0250509863927872,-2360912998862.0,2025-11-27 00:21:10
2025-11-27,267260,0.6351144928105146,0.4788439840134428,-0.3499425208753265,-0.4340146872190603,0.9448307349820284,0.412111644535627,63.511449281051455,29.1,-1.3928815970459731,817000.0,-0.0426818040064149,HD현대일렉트릭,KOSPI,전기장비,63.511449281051455,99.47089947089947,99.47089947089947,94.48307349820284,27.27272727272727,56.612130003512426,19.99425208753265,False,2025-11-26,3960.87,4026.5025,0.0250509863927872,-2360912998862.0,2025-11-27 00:21:10
2025-11-27,443060,0.3086512344188516,0.3328477747422054,-0.3072892803408529,-0.357425246442524,0.8374302988592083,0.6243797547151069,30.865123441885167,4.23,-5.467295793200187,195200.0,0.1057119655102601,HD현대마린솔루션,KOSPI,조선,30.865123441885167,95.23809523809523,95.23809523809523,83.74302988592083,77.27272727272727,54.62870413229812,15.72892803408529,False,2025-11-26,3960.87,4026.5025,0.0250509863927872,-2360912998862.0,2025-11-27 00:21:10
2025-11-27,002380,0.3921220287042766,0.3665296014466885,-0.230160712163019,-0.3395970314081096,0.7449737456746307,0.486309101277147,39.21220287042766,33.86,-0.734659790414139,414500.0,,KCC,KOSPI,,39.21220287042766,96.82539682539682,96.82539682539682,74.49737456746307,0.0,51.4195523343112,8.016071216301901,False,2025-11-26,3960.87,4026.5025,0.0250509863927872,-2360912998862.0,2025-11-27 00:21:10
2025-11-27,267250,0.472174111728131,0.6044554593841367,-0.3382703935734364,-0.4004379341019258,0.9413593053778732,0.1717455148831021,47.21741117281311,29.63,-1.3803192299717817,204000.0,-0.0667709730034682,HD현대,KOSPI,석유와가스,47.21741117281311,97.88359788359789,97.88359788359789,94.13593053778732,18.181818181818183,50.96451872129923,18.82703935734364,False,2025-11-26,3960.87,4026.5025,0.0250509863927872,-2360912998862.0,2025-11-27 00:21:10
2025-11-27,060370,0.2416049496524648,0.333782766063925,-0.2693958630049224,-0.3573977904959334,0.4005358483675542,0.1388733636981253,24.16049496524648,37.57,-0.5297827466722944,26800.0,0.1499872622981233,LS마린솔루션,KOSDAQ,건설,24.16049496524648,91.005291005291,91.005291005291,40.05358483675542,86.36363636363636,45.57809115440331,11.939586300492241,False,2025-11-26,3960.87,4026.5025,0.0250509863927872,-2360912998862.0,2025-11-27 00:21:10
2025-11-27,005830,0.2609563336325018,0.1965612860605445,-0.2023358588973716,-0.2769181877584499,0.5055629617639665,0.1953543580483591,26.09563336325018,36.51,-0.6109648306132927,127500.0,-0.3962458734953584,DB손해보험,KOSPI,손해보험,26.09563336325018,94.17989417989418,94.17989417989418,50.55629617639666,13.636363636363635,45.533600962759856,5.233585889737161,False,2025-11-26,3960.87,4026.5025,0.0250509863927872,-2360912998862.0,2025-11-27 00:21:10
2025-11-27,007700,0.4116225522314904,0.2717481105213979,-0.2668597679079055,-0.2676795838296151,0.5978083306030805,0.1761673589943426,41.162255223149046,94.18,4.208810518890587,20400.0,,F&F홀딩스,KOSPI,,41.162255223149046,97.35449735449735,97.35449735449735,59.78083306030805,0.0,44.814257247580386,11.68597679079055,False,2025-11-26,3960.87,4026.5025,0.0250509863927872,-2360912998862.0,2025-11-27 00:21:10
2025-11-27,010620,0.241192549248018,0.2527724546876295,-0.2590850498825615,-0.2968406266963618,0.457045292092819,0.7937075073718914,24.1192549248018,35.45,-0.671426315884933,223000.0,0.0543698281239041,HD현대미포,KOSPI,조선,24.1192549248018,89.94708994708994,89.94708994708994,45.7045292092819,54.54545454545454,42.919348957450026,10.908504988256148,False,2025-11-26,3960.87,4026.5025,0.0250509863927872,-2360912998862.0,2025-11-27 00:21:10
2025-11-27,083660,0.8163882518153467,0.946560314159384,-0.475610309538705,-0.6184838538621529,0.8304123319815588,0.7395197055536425,81.63882518153467,1.06,-8.488830759253283,555.0,,CSA 코스믹,KOSDAQ,,81.63882518153467,100.0,100.0,83.04123319815588,0.0,42.69092490012887,32.56103095387049,False,2025-11-26,3960.87,4026.5025,0.0250509863927872,-2360912998862.0,2025-11-27 00:21:10
2025-11-27,071970,0.2429932827837839,0.2935837755560229,-0.2482634228231869,-0.3250509251682349,0.6970664798511559,0.3667895301979811,24.2993282783784,20.63,-2.7582874240705637,82400.0,,HD현대마린엔진,KOSPI,,24.2993282783784,91.53439153439153,91.53439153439153,69.7066479851156,0.0,42.35043565779118,9.82634228231869,False,2025-11-26,3960.87,4026.5025,0.0250509863927872,-2360912998862.0,2025-11-27 00:21:10
2025-11-27,011200,0.1154137223291509,0.1858997101838908,-0.1517424302621866,-0.2564554768352752,0.1145247918162919,0.0888129631872624,11.541372232915093,28.04,-1.6228960852117462,19020.0,0.1420072253704072,HMM,KOSPI,해운사,11.541372232915093,73.01587301587301,73.01587301587301,11.45247918162919,81.81818181818183,40.32877761655234,0.1742430262186595,False,2025-11-26,3960.87,4026.5025,0.0250509863927872,-2360912998862.0,2025-11-27 00:21:10
2025-11-27,265520,0.2486650743122267,0.3290080046093468,-0.2332175298543718,-0.2797943448488414,0.4796610545336988,0.2316829112037118,24.866507431222672,46.56,-0.077194414057971,19230.0,,AP시스템,KOSDAQ,,24.866507431222672,93.12169312169311,93.12169312169311,47.96610545336988,0.0,39.06623354378002,8.32175298543718,False,2025-11-26,3960.87,4026.5025,0.0250509863927872,-2360912998862.0,2025-11-27 00:21:10
2025-11-27,403870,0.2406669115529218,0.2016078454846093,-0.2760473903312299,-0.2630970768183869,0.0956036643321001,0.0459795478884595,24.066691155292187,8.47,-4.320025461699315,29100.0,0.3011626997342567,HPSP,KOSDAQ,반도체와반도체장비,24.066691155292187,89.41798941798942,89.41798941798942,9.56036643321001,95.45454545454545,38.148938565345816,12.60473903312299,False,2025-11-26,3960.87,4026.5025,0.0250509863927872,-2360912998862.0,2025-11-27 00:21:10
2025-11-27,033780,0.0932240993814168,0.1877969367385077,-0.1184862789014244,-0.1697205401054046,0.0661765363705028,0.0988132605336656,9.322409938141686,81.48,2.549913329288405,143400.0,0.1789364808835966,KT&G,KOSPI,담배,9.322409938141686,66.66666666666666,66.66666666666666,6.61765363705028,90.9090909090909,38.08750002706871,0.0,False,2025-11-26,3960.87,4026.5025,0.0250509863927872,-2360912998862.0,2025-11-27 00:21:10
2025-11-27,017860,0.2463327422140835,0.5269701545526846,-0.2395956276769947,-0.342143303637577,0.4320382093102065,0.4810752286861881,24.633274221408357,47.62,-0.058864274660266,19670.0,,DS단석,KOSPI,,24.633274221408357,92.5925925925926,92.5925925925926,43.20382093102065,0.0,37.00915250925598,8.95956276769947,False,2025-11-26,3960.87,4026.5025,0.0250509863927872,-2360912998862.0,2025-11-27 00:21:10
2025-11-27,001045,0.1632654307670347,0.2619217627600894,-0.2646493982794193,-0.3189539719423188,0.7252518376456396,0.3210010631583038,16.32654307670347,35.98,-0.6347493804074364,89800.0,,CJ우,KOSPI,소비재/유통,16.32654307670347,81.48148148148148,81.48148148148148,72.52518376456396,0.0,36.00876348065454,11.464939827941931,False,2025-11-26,3960.87,4026.5025,0.0250509863927872,-2360912998862.0,2025-11-27 00:21:10
2025-11-27,086960,0.2461390988842902,0.4464282898037743,-0.2525674149305943,-0.3591467213879601,0.4470333330076563,0.1555864667527353,24.61390988842902,11.64,-3.847236537073849,1341.0,,MDS테크,KOSDAQ,,24.61390988842902,92.06349206349206,92.06349206349206,44.70333330076563,0.0,35.9223124177083,10.256741493059431,False,2025-11-26,3960.87,4026.5025,0.0250509863927872,-2360912998862.0,2025-11-27 00:21:10
2025-11-27,001040,0.1336120613731424,0.1397050628753895,-0.2559906961708415,-0.2683863544631277,0.5713256606555032,0.1189167975702963,13.36120613731424,61.38,1.3582694891638574,180000.0,0.0186325941505784,CJ,KOSPI,복합기업,13.36120613731424,75.66137566137566,75.66137566137566,57.132566065550314,36.36363636363637,35.84539189345585,10.599069617084153,False,2025-11-26,3960.87,4026.5025,0.0250509863927872,-2360912998862.0,2025-11-27 00:21:10
2025-11-27,083450,0.3067233239583429,0.5221237655000284,-0.2798261288974353,-0.428545309223833,0.4187898672943412,0.3407320498924229,30.67233239583429,23.28,-2.362694129976852,25650.0,,GST,KOSDAQ,소비재/유통,30.67233239583429,94.70899470899471,94.70899470899471,41.87898672943412,0.0,35.1015319240637,12.98261288974353,False,2025-11-26,3960.87,4026.5025,0.0250509863927872,-2360912998862.0,2025-11-27 00:21:10
2025-11-27,294870,0.1621805194222503,0.2190690088238609,-0.1969038780573895,-0.2802265976613247,0.3973258449386995,0.1822061876123488,16.21805194222503,71.43,1.914337988066076,19720.0,,HDC현대산업개발,KOSPI,,16.21805194222503,80.95238095238095,80.95238095238095,39.73258449386995,0.0,34.39388818611033,4.690387805738949,False,2025-11-26,3960.87,4026.5025,0.0250509863927872,-2360912998862.0,2025-11-27 00:21:10
2025-11-27,030200,0.1026115510448104,0.0678507270912687,-0.1501549359168031,-0.2118912153760338,0.0131398407716801,0.0158529980597299,10.261155104481045,75.13,2.102872398388395,50300.0,0.0549013227962591,KT,KOSPI,다각화된통신서비스,10.261155104481045,69.84126984126983,69.84126984126983,1.31398407716801,59.09090909090909,33.20736627497332,0.01549359168031006,False,2025-11-26,3960.87,4026.5025,0.0250509863927872,-2360912998862.0,2025-11-27 00:21:10
2025-11-27,078930,0.1616198225387382,0.1621248090543829,-0.261745693151129,-0.3399689824946634,0.4340139727150418,0.2133465242644827,16.16198225387382,84.66,2.8069071669938417,57300.0,-0.0509700969676904,GS,KOSPI,석유와가스,16.16198225387382,80.42328042328042,80.42328042328042,43.40139727150418,22.727272727272727,32.06044971500032,11.174569315112901,False,2025-11-26,3960.87,4026.5025,0.0250509863927872,-2360912998862.0,2025-11-27 00:21:10
2025-11-27,035760,0.2177734672972553,0.1899999555914229,-0.2638648382201253,-0.2878011479078839,0.1658183369932172,0.0584167893690351,21.777346729725533,26.46,-1.7635136183712978,63700.0,0.0245128468390525,CJ ENM,KOSDAQ,방송과엔터테인먼트,21.777346729725533,87.83068783068782,87.83068783068782,16.58183369932172,40.909090909090914,31.777748607305547,11.386483822012531,False,2025-11-26,3960.87,4026.5025,0.0250509863927872,-2360912998862.0,2025-11-27 00:21:10
2025-11-27,015360,0.2415662233341862,0.2806993350325675,-0.2603886023382388,-0.3311203354211006,0.3172388348090078,0.3418009853424731,24.15662233341862,65.61,1.485070508291244,62700.0,,INVENI,KOSPI,,24.15662233341862,90.47619047619048,90.47619047619048,31.723883480900778,0.0,31.28195447928404,11.03886023382388,False,2025-11-26,3960.87,4026.5025,0.0250509863927872,-2360912998862.0,2025-11-27 00:21:10
2025-11-27,036560,0.2135085412232702,0.3721931498960273,-0.2741263052484312,-0.3451744503438591,0.4320632525081943,0.6169921214734683,21.35085412232702,44.44,-0.1976541222756088,14340.0,,KZ정밀,KOSDAQ,,21.35085412232702,87.3015873015873,87.3015873015873,43.206325250819425,0.0,30.984683215036036,12.412630524843118,False,2025-11-26,3960.87,4026.5025,0.0250509863927872,-2360912998862.0,2025-11-27 00:21:10
2025-11-27,039570,0.1650555608040673,0.126585816088304,-0.1472065290273444,-0.2040960917464955,0.0564823614936553,0.0422464010037254,16.505556080406734,69.84,1.747803026757719,8320.0,,HDC랩스,KOSPI,,16.505556080406734,82.01058201058201,82.01058201058201,5.6482361493655295,0.0,30.966900464638005,0.0,False,2025-11-26,3960.87,4026.5025,0.0250509863927872,-2360912998862.0,2025-11-27 00:21:10
2025-11-27,267270,0.202225605330977,0.1798771145252329,-0.2714183140681391,-0.2858642485812919,0.4465106803340625,0.2318352266269718,20.2225605330977,42.86,-0.3217770198238395,95500.0,,HD현대건설기계,KOSPI,,20.2225605330977,86.24338624338624,86.24338624338624,44.65106803340625,0.0,30.96071963448283,12.14183140681391,False,2025-11-26,3960.87,4026.5025,0.0250509863927872,-2360912998862.0,2025-11-27 00:21:10
2025-11-27,195940,0.109454766578882,0.1001496390012044,-0.1882768392345269,-0.2822912486603748,0.1011028331349275,0.0510583585558072,10.945476657888207,67.2,1.5545830116394663,50700.0,0.0251977473076454,HK이노엔,KOSDAQ,제약,10.945476657888207,71.95767195767195,71.95767195767195,10.11028331349275,45.45454545454545,30.38901330777037,3.8276839234526907,False,2025-11-26,3960.87,4026.5025,0.0250509863927872,-2360912998862.0,2025-11-27 00:21:10
2025-11-27,092780,0.1458207194558469,0.2151712268620333,-0.1540313675230256,-0.2038883147483864,0.0477710448894491,0.0144858883660134,14.582071945584696,69.31,1.675277476704017,3435.0,,DYP,KOSPI,,14.582071945584696,78.3068783068783,78.3068783068783,4.77710448894491,0.0,28.657824445672567,0.4031367523025603,False,2025-11-26,3960.87,4026.5025,0.0250509863927872,-2360912998862.0,2025-11-27 00:21:10
2025-11-27,056730,0.3296852334153293,0.2298014781725288,-0.3466145787250416,-0.2880970854756817,0.3745442048041892,0.0164558112321517,32.96852334153293,62.43,1.405554230243261,662.0,,CNT85,KOSDAQ,,32.96852334153293,96.29629629629629,96.29629629629629,37.45442048041892,0.0,28.481593138949336,19.661457872504158,False,2025-11-26,3960.87,4026.5025,0.0250509863927872,-2360912998862.0,2025-11-27 00:21:10
2025-11-27,047920,0.2547710604618105,0.4284760022667007,-0.2737018941634565,-0.332166771949646,0.2000380609840692,0.1901206106571075,25.477106046181053,24.34,-2.264896300550251,15280.0,,HLB제약,KOSDAQ,바이오/제약,25.477106046181053,93.65079365079364,93.65079365079364,20.00380609840692,0.0,28.369132017348484,12.370189416345653,False,2025-11-26,3960.87,4026.5025,0.0250509863927872,-2360912998862.0,2025-11-27 00:21:10
2025-11-27,012630,0.0941947495271231,0.3161842682628162,-0.1979827790297224,-0.268992806406973,0.3914810882966724,0.2398872054502477,9.419474952712314,31.75,-0.9829609299969806,17330.0,,HDC,KOSPI,,9.419474952712314,67.1957671957672,67.1957671957672,39.14810882966724,0.0,27.973321948988428,4.79827790297224,False,2025-11-26,3960.87,4026.5025,0.0250509863927872,-2360912998862.0,2025-11-27 00:21:10
2025-11-27,024120,0.1857001105298672,0.1935626849552791,-0.1828030238921294,-0.2314085125910919,0.0131169514584015,0.0056046236194453,18.57001105298672,49.21,0.1705734765934929,3390.0,,KB오토시스,KOSDAQ,금융,18.57001105298672,83.5978835978836,83.5978835978836,1.31169514584015,0.0,27.697989792508192,3.2803023892129413,False,2025-11-26,3960.87,4026.5025,0.0250509863927872,-2360912998862.0,2025-11-27 00:21:10
2025-11-27,115450,0.2028758143845386,0.152193254279612,-0.2623681860275361,-0.2965676219613814,0.2403868061221162,0.1276672280451419,20.287581438453863,17.99,-2.8485124576838707,3140.0,,HLB테라퓨틱스,KOSDAQ,,20.287581438453863,86.77248677248677,86.77248677248677,24.038680612211618,0.0,26.890872013581486,11.23681860275361,False,2025-11-26,3960.87,4026.5025,0.0250509863927872,-2360912998862.0,2025-11-27 00:21:10
2025-11-27,043610,0.0740902713398434,0.1569422061915211,-0.2380019136110809,-0.2670267666257185,0.6225777134854256,0.0222469184699104,7.409027133984347,46.03,-0.0789473667144522,1835.0,,KT지니뮤직,KOSDAQ,통신,7.409027133984347,58.201058201058196,58.201058201058196,62.257771348542555,0.0,26.44727707654031,8.800191361108089,False,2025-11-26,3960.87,4026.5025,0.0250509863927872,-2360912998862.0,2025-11-27 00:21:10
2025-11-27,060310,0.0962499358840485,0.0919076786970456,-0.2270798000559529,-0.2859142219506921,0.4292383373321948,0.0182020572066837,9.624993588404852,30.69,-1.2727041276387192,1696.0,,3S,KOSDAQ,,9.624993588404852,68.25396825396825,68.25396825396825,42.92383373321948,0.0,26.386666980421506,7.707980005595291,False,2025-11-26,3960.87,4026.5025,0.0250509863927872,-2360912998862.0,2025-11-27 00:21:10
2025-11-27,060900,0.2223402951396382,0.4880122373763629,-0.3066604067821676,-0.3623270324885365,0.3511114533971873,0.254283243734696,22.234029513963826,10.58,-3.966618273986904,1217.0,,DGP,KOSDAQ,,22.234029513963826,88.35978835978835,88.35978835978835,35.11114533971873,0.0,26.289891018838574,15.666040678216762,False,2025-11-26,3960.87,4026.5025,0.0250509863927872,-2360912998862.0,2025-11-27 00:21:10
2025-11-27,092230,0.1250231277581597,0.1893171416300725,-0.1660948061447965,-0.205670909259306,0.0590989139336923,0.0854861674034634,12.502312775815971,94.71,4.260082179251304,71900.0,,KPX홀딩스,KOSPI,,12.502312775815971,75.13227513227513,75.13227513227513,5.90989139336923,0.0,26.158368606289987,1.6094806144796499,False,2025-11-26,3960.87,4026.5025,0.0250509863927872,-2360912998862.0,2025-11-27 00:21:10
2025-11-27,053290,0.1496636152457808,0.3101560493111575,-0.1819495565630693,-0.276611949207123,0.040010896871139,0.0488136322138412,14.966361524578089,25.4,-2.2065052766703523,1853.0,,NE능률,KOSDAQ,,14.966361524578089,78.83597883597884,78.83597883597884,4.0010896871138995,0.0,25.94601887363862,3.1949556563069303,False,2025-11-26,3960.87,4026.5025,0.0250509863927872,-2360912998862.0,2025-11-27 00:21:10
2025-11-27,060560,0.1537516966785499,0.1342618449192252,-0.1880129073399399,-0.2683094808393743,0.0042188144192139,0.0054742490566821,15.375169667854994,89.95,3.323602702308322,713.0,,HC홈센타,KOSDAQ,,15.375169667854994,79.8941798941799,79.8941798941799,0.42188144192139,0.0,24.884984495096823,3.8012907339939894,False,2025-11-26,3960.87,4026.5025,0.0250509863927872,-2360912998862.0,2025-11-27 00:21:10
2025-11-27,204320,0.2263822795966048,0.018280611428064,-0.2910777612513959,-0.3405623224744595,0.2190668923826581,0.1292643610654105,22.638227959660483,98.94,6.208410626290834,42700.0,,HL만도,KOSPI,,22.638227959660483,88.88888888888889,88.88888888888889,21.906689238265812,0.0,24.82703123899167,14.10777612513959,False,2025-11-26,3960.87,4026.5025,0.0250509863927872,-2360912998862.0,2025-11-27 00:21:10
2025-11-27,058400,0.1092180224165626,0.156391464642837,-0.1295242732332138,-0.1856679875621055,0.0031107154650477,0.0109556506277316,10.921802241656264,50.79,0.3204870788492092,697.0,,KNN,KOSDAQ,,10.921802241656264,71.42857142857143,71.42857142857143,0.31107154650477,0.0,24.782879987694496,0.0,False,2025-11-26,3960.87,4026.5025,0.0250509863927872,-2360912998862.0,2025-11-27 00:21:10
2025-11-27,114090,0.191235675135331,0.2063862156174893,-0.2523150022008192,-0.3033586257643936,0.1289722770424105,0.0765512083737983,19.123567513533104,25.93,-1.9658897407851152,14230.0,,GKL,KOSPI,,19.123567513533104,85.18518518518519,85.18518518518519,12.897227704241049,0.0,24.285432515593833,10.231500220081921,False,2025-11-26,3960.87,4026.5025,0.0250509863927872,-2360912998862.0,2025-11-27 00:21:10
2025-11-27,241520,0.1364156381781955,0.1730786414054097,-0.2339466646350567,-0.3311005741618681,0.2078486961559602,0.0990963888844897,13.641563817819558,38.62,-0.480924469188965,6930.0,,DSC인베스트먼트,KOSDAQ,,13.641563817819558,77.77777777777779,77.77777777777779,20.78486961559602,0.0,24.227353419072536,8.39466646350567,False,2025-11-26,3960.87,4026.5025,0.0250509863927872,-2360912998862.0,2025-11-27 00:21:10
2025-11-27,006360,0.0785908489483411,0.0194743523582321,-0.160021359893589,-0.2405317060442565,0.1840832248059542,0.1856411106378477,7.859084894834112,82.54,2.6026113167879408,19370.0,,GS건설,KOSPI,소비재/유통,7.859084894834112,60.84656084656085,60.84656084656085,18.40832248059542,0.0,24.21163835320844,1.0021359893589015,False,2025-11-26,3960.87,4026.5025,0.0250509863927872,-2360912998862.0,2025-11-27 00:21:10
2025-11-27,067290,0.1163205966223286,0.2032752748791575,-0.2213422673947396,-0.3013710118830795,0.217035432080168,0.0416709009537168,11.632059662232862,66.14,1.5154981235447995,1423.0,,JW신약,KOSDAQ,,11.632059662232862,74.07407407407408,74.07407407407408,21.7035432080168,0.0,24.003499183422317,7.134226739473962,False,2025-11-26,3960.87,4026.5025,0.0250509863927872,-2360912998862.0,2025-11-27 00:21:10
2025-11-27,383220,0.1339720183254495,0.1317855820330746,-0.2897070303549153,-0.3002457445813714,0.4304615041559496,0.1154129105955583,13.397201832544958,79.37,2.3447147943493065,71600.0,,F&F,KOSPI,,13.397201832544958,76.19047619047619,76.19047619047619,43.04615041559496,0.0,23.66713797531355,13.97070303549153,False,2025-11-26,3960.87,4026.5025,0.0250509863927872,-2360912998862.0,2025-11-27 00:21:10
2025-11-27,105560,0.0575526467142302,0.1273370917700007,-0.1321431903911233,-0.2351864987087462,0.2178317981105994,0.1287956195967862,5.755264671423022,78.84,2.329794023279748,125400.0,-0.8185976189034829,KB금융,KOSPI,은행,5.755264671423022,50.264550264550266,50.264550264550266,21.78317981105994,9.090909090909092,23.615375797193334,0.0,False,2025-11-26,3960.87,4026.5025,0.0250509863927872,-2360912998862.0,2025-11-27 00:21:10
2025-11-27,282330,0.1024371433649427,0.037376866381406,-0.1595418844959133,-0.1799027156301062,0.0268670115859753,0.0211931355543531,10.24371433649427,66.67,1.5302991679130082,108700.0,,BGF리테일,KOSPI,,10.24371433649427,69.31216931216932,69.31216931216932,2.68670115859753,0.0,23.584251934657125,0.9541884495913311,False,2025-11-26,3960.87,4026.5025,0.0250509863927872,-2360912998862.0,2025-11-27 00:21:10
2025-11-27,344820,0.1676704730197415,0.1300253237051125,-0.2321449201683755,-0.2165581912821081,0.0699818602216749,0.0819914630514324,16.76704730197416,78.31,2.3171139226153814,26950.0,,KCC글라스,KOSPI,,16.76704730197416,82.53968253968253,82.53968253968253,6.99818602216749,0.0,23.32707344120133,8.214492016837552,False,2025-11-26,3960.87,4026.5025,0.0250509863927872,-2360912998862.0,2025-11-27 00:21:10
2025-11-27,069730,0.089218358827394,0.0885499937038052,-0.1576822225556279,-0.1591039251933786,0.0703454316508979,0.0265265807457944,8.921835882739405,49.74,0.1953835911464129,3560.0,,DSR제강,KOSPI,,8.921835882739405,65.07936507936508,65.07936507936508,7.03454316508979,0.0,23.190773824341,0.7682222555627893,False,2025-11-26,3960.87,4026.5025,0.0250509863927872,-2360912998862.0,2025-11-27 00:21:10
2025-11-27,318000,0.1156532848293281,0.1677822683260637,-0.1965691510640996,-0.3105121491218336,0.0918455534441279,0.0133408414626015,11.565328482932811,11.11,-3.85667543791363,4500.0,,KBG,KOSDAQ,금융,11.565328482932811,73.54497354497354,73.54497354497354,9.18455534441279,0.0,23.172314338065142,4.656915106409961,False,2025-11-26,3960.87,4026.5025,0.0250509863927872,-2360912998862.0,2025-11-27 00:21:10
2025-11-27,001465,0.086649897391432,0.2064913795191436,-0.2103668721006878,-0.2510329672297153,0.2950202517211596,0.3609109322157901,8.664989739143202,93.12,3.9214651202806543,23900.0,,BYC우,KOSPI,,8.664989739143202,64.02116402116403,64.02116402116403,29.50202517211596,0.0,23.144665211052377,6.036687210068781,False,2025-11-26,3960.87,4026.5025,0.0250509863927872,-2360912998862.0,2025-11-27 00:21:10
2025-11-27,078020,0.1503230071133223,0.1157339784271158,-0.2397970441865349,-0.2945720928254948,0.1459082218718194,0.0203418416282781,15.032300711332237,14.29,-3.3175496467264862,4825.0,,LS증권,KOSDAQ,금융,15.032300711332237,79.36507936507937,79.36507936507937,14.59082218718194,0.0,22.987215151065477,8.979704418653492,False,2025-11-26,3960.87,4026.5025,0.0250509863927872,-2360912998862.0,2025-11-27 00:21:10
2025-11-27,089600,0.1347442084037335,0.2349607361710228,-0.2173200977175006,-0.3045399774287009,0.0915020120286053,0.0529641345669496,13.47442084037336,60.32,1.3442093014822123,13110.0,,KT나스미디어,KOSDAQ,통신,13.47442084037336,77.24867724867724,77.24867724867724,9.150201202860531,0.0,22.77246995568025,6.732009771750061,False,2025-11-26,3960.87,4026.5025,0.0250509863927872,-2360912998862.0,2025-11-27 00:21:10
2025-11-27,234080,0.1943790343366838,0.1462103166019699,-0.2785855704463397,-0.2755707923958247,0.156667334327327,0.0568191725284131,19.43790343366838,93.65,3.970904278733709,15110.0,,JW생명과학,KOSPI,,19.43790343366838,85.71428571428571,85.71428571428571,15.666733432732698,0.0,22.60378305793543,12.85855704463397,False,2025-11-26,3960.87,4026.5025,0.0250509863927872,-2360912998862.0,2025-11-27 00:21:10
2025-11-27,083790,0.0692865940720242,0.0795540434942747,-0.2015825171626787,-0.260276116795069,0.3793174378730874,0.0432584395332493,6.92865940720242,44.97,-0.1141574555906238,1490.0,,CG인바이츠,KOSDAQ,,6.92865940720242,53.96825396825397,53.96825396825397,37.93174378730874,0.0,22.593758243196234,5.15825171626787,False,2025-11-26,3960.87,4026.5025,0.0250509863927872,-2360912998862.0,2025-11-27 00:21:10
2025-11-27,122450,0.1064230262959966,0.2995247229599447,-0.2053769782181965,-0.366413712010225,0.1315195961080433,0.2477610244931118,10.642302629599666,57.14,0.9404770620086138,3830.0,,KX,KOSDAQ,,10.642302629599666,70.8994708994709,70.8994708994709,13.151959610804331,0.0,22.2128241396026,5.537697821819651,False,2025-11-26,3960.87,4026.5025,0.0250509863927872,-2360912998862.0,2025-11-27 00:21:10
2025-11-27,058820,0.1690371153103251,0.0919213858082026,-0.2409472671317176,-0.311936507658607,0.0480106249232073,0.0106885086918587,16.903711531032517,83.07,2.695256671981208,1866.0,,CMG제약,KOSDAQ,바이오/제약,16.903711531032517,83.06878306878306,83.06878306878306,4.80106249232073,0.0,22.097287289853092,9.094726713171761,False,2025-11-26,3960.87,4026.5025,0.0250509863927872,-2360912998862.0,2025-11-27 00:21:10
2025-11-27,196300,0.1865935637896043,0.0866629097190549,-0.2779931174310888,-0.2318216765099542,0.1467812504418759,0.0266824655993643,18.659356378960435,37.04,-0.6047336959097505,6450.0,,HLB펩,KOSDAQ,,18.659356378960435,84.12698412698413,84.12698412698413,14.67812504418759,0.0,21.706121669721384,12.799311743108879,False,2025-11-26,3960.87,4026.5025,0.0250509863927872,-2360912998862.0,2025-11-27 00:21:10
2025-11-27,375500,0.0735503506413364,0.0377434133593677,-0.1508066811312032,-0.2524746007584023,0.0960563789603358,0.0828322760428479,7.3550350641336415,51.85,0.3504028086295521,40800.0,,DL이앤씨,KOSPI,,7.3550350641336415,57.14285714285714,57.14285714285714,9.60563789603358,0.0,21.67010902298531,0.08066811312032185,False,2025-11-26,3960.87,4026.5025,0.0250509863927872,-2360912998862.0,2025-11-27 00:21:10
2025-11-27,006840,0.0797534778132782,0.1068010179269138,-0.1148136886384705,-0.2118228037553129,0.0255087986720202,0.0072604196481457,7.975347781327824,18.52,-2.8448726224868426,9005.0,,AK홀딩스,KOSPI,,7.975347781327824,61.904761904761905,61.904761904761905,2.55087986720202,0.0,21.60175287262742,0.0,False,2025-11-26,3960.87,4026.5025,0.0250509863927872,-2360912998862.0,2025-11-27 00:21:10
2025-11-27,078935,0.0899846993453528,0.1491547588921273,-0.1700889093278975,-0.2164440221027857,0.0348106725522174,0.0447751874337521,8.99846993453528,74.6,2.074879441651574,47600.0,,GS우,KOSPI,소비재/유통,8.99846993453528,66.13756613756614,66.13756613756614,3.4810672552217397,0.0,21.402186702646112,2.0088909327897504,False,2025-11-26,3960.87,4026.5025,0.0250509863927872,-2360912998862.0,2025-11-27 00:21:10
2025-11-27,035000,0.089580197500523,0.0073588076910444,-0.161417114557705,-0.1773470586980175,0.0036481097311785,0.0089599465268609,8.958019750052305,79.89,2.3870474608481453,8900.0,,HS애드,KOSPI,,8.958019750052305,65.60846560846561,65.60846560846561,0.36481097311785005,0.0,21.319436895064335,1.1417114557705,False,2025-11-26,3960.87,4026.5025,0.0250509863927872,-2360912998862.0,2025-11-27 00:21:10
2025-11-27,024850,0.0949582369458064,0.1388346398067685,-0.3224628494675263,-0.4513736514954809,0.5885128555670645,0.3232724666247525,9.49582369458064,24.87,-2.221361285473066,1678.0,,HLB이노베이션,KOSDAQ,정유/화학,9.49582369458064,67.72486772486772,67.72486772486772,58.85128555670644,0.0,20.632743868258487,17.24628494675263,False,2025-11-26,3960.87,4026.5025,0.0250509863927872,-2360912998862.0,2025-11-27 00:21:10
2025-11-27,060720,0.1340679416919157,0.1038373521440565,-0.2399774681682685,-0.2680135378613479,0.0936550525004242,0.0521644615514957,13.40679416919157,14.81,-3.2972704933152635,11250.0,,KH바텍,KOSDAQ,,13.40679416919157,76.71957671957672,76.71957671957672,9.365505250042421,0.0,20.38154076231424,8.99774681682685,False,2025-11-26,3960.87,4026.5025,0.0250509863927872,-2360912998862.0,2025-11-27 00:21:10
2025-11-27,138930,0.064077590573069,0.2242465025904041,-0.1426339671550899,-0.2790573283642533,0.0517558127350106,0.0995501366092873,6.407759057306905,87.83,2.974979747287564,15240.0,-0.9385564913709664,BNK금융지주,KOSPI,은행,6.407759057306905,52.38095238095239,52.38095238095239,5.17558127350106,4.545454545454546,19.612326931671237,0.0,False,2025-11-26,3960.87,4026.5025,0.0250509863927872,-2360912998862.0,2025-11-27 00:21:10
2025-11-27,028300,0.0768596770974769,0.081794145969041,-0.3063498780073803,-0.359410177224806,0.195336589282297,0.2732614420192259,7.685967709747699,26.98,-1.7493743307265552,46700.0,0.0559332734014319,HLB,KOSDAQ,건강관리장비와용품,7.685967709747699,59.78835978835979,59.78835978835979,19.5336589282297,63.63636363636363,19.036179726206186,15.63498780073803,False,2025-11-26,3960.87,4026.5025,0.0250509863927872,-2360912998862.0,2025-11-27 00:21:10
2025-11-27,078150,0.0554063690521564,-0.0264875273872283,-0.148710202868143,-0.2127294627654255,0.095423613981288,0.0159321929362881,5.540636905215646,28.57,-1.4327076938699717,1947.0,,HB테크놀러지,KOSDAQ,,5.540636905215646,49.735449735449734,49.735449735449734,9.5423613981288,0.0,18.968416341731814,0.0,False,2025-11-26,3960.87,4026.5025,0.0250509863927872,-2360912998862.0,2025-11-27 00:21:10
2025-11-27,092220,0.0721617244766339,0.1134759425231344,-0.1571216698266656,-0.1931476532614678,0.0280015906710097,0.0145923008258885,7.216172447663394,21.69,-2.5055532624641264,700.0,,KEC,KOSPI,,7.216172447663394,55.55555555555556,55.55555555555556,2.80015906710097,0.0,18.819391185074366,0.7121669826665594,False,2025-11-26,3960.87,4026.5025,0.0250509863927872,-2360912998862.0,2025-11-27 00:21:10
2025-11-27,096760,0.077469205005944,0.0769098811451935,-0.1769075839141469,-0.1822334140257702,0.041522101692671,0.020639227647092,7.746920500594401,96.83,4.852609697069987,3650.0,,JW홀딩스,KOSPI,,7.746920500594401,60.317460317460316,60.317460317460316,4.1522101692671,0.0,18.766608396318503,2.690758391414691,False,2025-11-26,3960.87,4026.5025,0.0250509863927872,-2360912998862.0,2025-11-27 00:21:10
2025-11-27,000040,0.0793607279935559,0.128152103413089,-0.2821131164497938,-0.2645328664824703,0.4416980729391448,0.0105747570193507,7.936072799355598,32.28,-0.9198891893887452,470.0,,KR모터스,KOSPI,,7.936072799355598,61.37566137566137,61.37566137566137,44.16980729391448,0.0,18.62466043100433,13.211311644979382,False,2025-11-26,3960.87,4026.5025,0.0250509863927872,-2360912998862.0,2025-11-27 00:21:10
2025-11-27,025000,0.0678935520590504,0.0606499640354061,-0.1346976022728697,-0.1905367524360154,0.0220839390282569,0.039556678992327,6.7893552059050455,97.88,5.769468226789699,52900.0,,KPX케미칼,KOSPI,,6.7893552059050455,53.43915343915344,53.43915343915344,2.2083939028256903,0.0,18.620651069223968,0.0,False,2025-11-26,3960.87,4026.5025,0.0250509863927872,-2360912998862.0,2025-11-27 00:21:10
2025-11-27,418470,0.0725096210866478,0.0928752459769397,-0.1618292816839895,-0.1989420069127387,0.0228823925678501,0.0225579800346212,7.250962108664782,51.32,0.3265251096525571,13350.0,,KT밀리의서재,KOSDAQ,통신,7.250962108664782,56.613756613756614,56.613756613756614,2.28823925678501,0.0,18.548547262523723,1.18292816839895,False,2025-11-26,3960.87,4026.5025,0.0250509863927872,-2360912998862.0,2025-11-27 00:21:10
2025-11-27,003620,0.058316218302451,0.0339974604353918,-0.1593000003096061,-0.1388141476338991,0.0890149453007883,0.020804091589442,5.831621830245104,23.81,-2.3024473719239933,3280.0,,KG모빌리티,KOSPI,,5.831621830245104,50.79365079365079,50.79365079365079,8.90149453007883,0.0,18.282955388727867,0.9300000309606093,False,2025-11-26,3960.87,4026.5025,0.0250509863927872,-2360912998862.0,2025-11-27 00:21:10
2025-11-27,151860,0.0844535252685001,0.0651054890139053,-0.2254166088101941,-0.264560508261791,0.1605046314098419,0.0842338672482312,8.445352526850014,34.39,-0.7067485741453504,5510.0,,KG에코솔루션,KOSDAQ,,8.445352526850014,63.49206349206349,63.49206349206349,16.05046314098419,0.0,18.052179709900685,7.541660881019411,False,2025-11-26,3960.87,4026.5025,0.0250509863927872,-2360912998862.0,2025-11-27 00:21:10
2025-11-27,218410,0.0833596128310101,0.0768419087319085,-0.2134069115636701,-0.3549468020436534,0.0862355953484391,0.0383247201384414,8.335961283101012,1.59,-7.750272227365456,26050.0,,RFHIC,KOSDAQ,,8.335961283101012,62.96296296296296,62.96296296296296,8.62355953484391,0.0,17.204876001163157,6.34069115636701,False,2025-11-26,3960.87,4026.5025,0.0250509863927872,-2360912998862.0,2025-11-27 00:21:10
2025-11-27,063570,0.1097562149563409,0.187974049561155,-0.2464532181814381,-0.2886272605453953,0.0652965669916099,0.0277486311214913,10.97562149563409,70.37,1.7657220444274409,4245.0,,NICE인프라,KOSDAQ,,10.97562149563409,72.4867724867725,72.4867724867725,6.529656699160991,0.0,17.025810551368412,9.64532181814381,False,2025-11-26,3960.87,4026.5025,0.0250509863927872,-2360912998862.0,2025-11-27 00:21:10
2025-11-27,000590,0.0762641663530019,0.0078940822512039,-0.1927092324578564,-0.2111500808385134,0.0448771024453476,0.1209432831880484,7.626416635300193,76.19,2.16703709217127,78200.0,,CS홀딩스,KOSPI,,7.626416635300193,58.730158730158735,58.730158730158735,4.48771024453476,0.0,16.757976924985726,4.2709232457856405,False,2025-11-26,3960.87,4026.5025,0.0250509863927872,-2360912998862.0,2025-11-27 00:21:10
2025-11-27,187420,0.0765994566385948,0.0094030593151488,-0.2039796798712002,-0.2372786698734998,0.0603433768727864,0.0376907809328561,7.65994566385948,16.93,-2.997631897265741,2795.0,,HLB제넥스,KOSDAQ,,7.65994566385948,59.25925925925925,59.25925925925925,6.03433768727864,0.0,16.186377911635258,5.39796798712002,False,2025-11-26,3960.87,4026.5025,0.0250509863927872,-2360912998862.0,2025-11-27 00:21:10
2025-11-27,001065,0.0606820773290688,-0.020371533332876,-0.1645660436153546,-0.1244086061083691,0.0052545324946394,0.0068833338655981,6.068207732906883,85.19,2.820392460386636,27850.0,,JW중외제약우,KOSPI,바이오/제약,6.068207732906883,51.85185185185185,51.85185185185185,0.52545324946394,0.0,16.05077682625814,1.4566043615354602,False,2025-11-26,3960.87,4026.5025,0.0250509863927872,-2360912998862.0,2025-11-27 00:21:10
2025-11-27,046210,0.0499264583954472,0.1061226928595853,-0.2031346747283306,-0.2567308814900175,0.2228584486651421,0.0173807034965578,4.992645839544729,16.4,-3.026418511465959,1565.0,,HLB파나진,KOSDAQ,,4.992645839544729,47.61904761904761,47.61904761904761,22.28584486651421,0.0,16.041501781373192,5.313467472833061,False,2025-11-26,3960.87,4026.5025,0.0250509863927872,-2360912998862.0,2025-11-27 00:21:10
2025-11-27,311690,0.0494147177201411,0.0219485872824816,-0.1173488171243962,-0.1817599793609121,0.0144328795114905,0.0128878409160742,4.941471772014117,43.39,-0.2858807379122143,8960.0,,CJ 바이오사이언스,KOSDAQ,바이오/제약,4.941471772014117,47.08994708994709,47.08994708994709,1.44328795114905,0.0,15.970247646375624,0.0,False,2025-11-26,3960.87,4026.5025,0.0250509863927872,-2360912998862.0,2025-11-27 00:21:10
2025-11-27,001940,0.1234392431698676,0.1226669697666609,-0.2728539643933756,-0.2929716524043105,0.0815546511004834,0.0679459608086707,12.343924316986763,58.2,1.0823962746753597,26000.0,,KISCO홀딩스,KOSPI,반도체,12.343924316986763,74.60317460317461,74.60317460317461,8.15546511004834,0.0,15.837599514222935,12.285396439337562,False,2025-11-26,3960.87,4026.5025,0.0250509863927872,-2360912998862.0,2025-11-27 00:21:10
2025-11-27,37550L,0.0439706069062286,0.1981503559265565,-0.1671738834426779,-0.2651717751540285,0.1095565715594367,0.4602295620088933,4.397060690622867,65.08,1.4745340120940296,29850.0,,DL이앤씨2우(전환),KOSPI,,4.397060690622867,44.44444444444444,44.44444444444444,10.955657155943669,0.0,15.673977485238321,1.7173883442677895,False,2025-11-26,3960.87,4026.5025,0.0250509863927872,-2360912998862.0,2025-11-27 00:21:10
2025-11-27,044180,0.3153356399578029,0.2174612068901651,-0.5705286520484043,-0.588466894058925,0.7805279825078465,0.2982945306262692,31.53356399578029,3.7,-5.622504029980091,566.0,,KD,KOSDAQ,,31.53356399578029,95.76719576719577,95.76719576719577,78.05279825078465,0.0,15.650562286748553,42.05286520484043,False,2025-11-26,3960.87,4026.5025,0.0250509863927872,-2360912998862.0,2025-11-27 00:21:10
2025-11-27,012030,0.054278764252079,0.0681345706703251,-0.2241415955507432,-0.2704442809698508,0.2676697008631466,0.0205433059271798,5.4278764252079,54.5,0.6033974289682118,1437.0,,DB,KOSPI,,5.4278764252079,48.67724867724868,48.67724867724868,26.76697008631466,0.0,15.509120497241316,7.4141595550743205,False,2025-11-26,3960.87,4026.5025,0.0250509863927872,-2360912998862.0,2025-11-27 00:21:10
2025-11-27,002460,0.0674483169251463,0.0565119674802545,-0.1830065560238642,-0.2229087182541538,0.0267117755297709,0.0573910350913256,6.74483169251463,99.47,6.448844952029067,11830.0,,HS화성,KOSPI,,6.74483169251463,52.910052910052904,52.910052910052904,2.67117755297709,0.0,15.26360416662811,3.3006556023864206,False,2025-11-26,3960.87,4026.5025,0.0250509863927872,-2360912998862.0,2025-11-27 00:21:10
2025-11-27,089470,0.0448011141991449,0.2303688680963851,-0.1563782500987872,-0.274730957312684,0.0264721493687428,0.0539043536018942,4.48011141991449,86.77,2.93526517625655,4050.0,,HDC현대EP,KOSPI,,4.48011141991449,46.03174603174603,46.03174603174603,2.64721493687428,0.0,15.177535959838005,0.6378250098787203,False,2025-11-26,3960.87,4026.5025,0.0250509863927872,-2360912998862.0,2025-11-27 00:21:10
2025-11-27,499790,0.1012520063869801,-0.0289808467775039,-0.286208677450012,-0.319295200361518,0.1819911291894286,0.0424750529519462,10.125200638698018,77.78,2.2871361899279714,46700.0,,GS피앤엘,KOSPI,소비재/유통,10.125200638698018,68.78306878306879,68.78306878306879,18.199112918942863,0.0,14.601391311264555,13.6208677450012,False,2025-11-26,3960.87,4026.5025,0.0250509863927872,-2360912998862.0,2025-11-27 00:21:10
2025-11-27,054620,0.0884278377176406,0.0447173750040765,-0.2456509483949865,-0.2235637390423506,0.0831504091803876,0.0306177532743613,8.842783771764061,59.79,1.3410267088427132,4210.0,,APS,KOSDAQ,,8.842783771764061,64.55026455026454,64.55026455026454,8.31504091803876,0.0,14.531579886619623,9.56509483949865,False,2025-11-26,3960.87,4026.5025,0.0250509863927872,-2360912998862.0,2025-11-27 00:21:10
2025-11-27,432320,0.0407091637919547,0.2771497498368702,-0.1330842966550073,-0.2761430509668945,0.0151381024920096,0.019174351476744,4.070916379195477,21.16,-2.530731806955931,3670.0,,KB스타리츠,KOSPI,금융,4.070916379195477,42.857142857142854,42.857142857142854,1.51381024920096,0.0,14.456870333201739,0.0,False,2025-11-26,3960.87,4026.5025,0.0250509863927872,-2360912998862.0,2025-11-27 00:21:10
2025-11-27,097950,0.0412747433113973,0.0187463867614354,-0.080533618239219,-0.1793803520788544,0.0078829619296576,0.015344494858973,4.127474331139736,17.46,-2.880619314857245,212000.0,,CJ제일제당,KOSPI,소비재/유통,4.127474331139736,43.386243386243386,43.386243386243386,0.78829619296576,0.0,14.451189363456377,0.0,False,2025-11-26,3960.87,4026.5025,0.0250509863927872,-2360912998862.0,2025-11-27 00:21:10
2025-11-27,332570,0.0601986318384437,0.0208813382983561,-0.2382420689019558,-0.2603607253551545,0.2281215420985478,0.0417881587151442,6.019863183844376,13.76,-3.416981574035434,4525.0,,PS일렉트로닉스,KOSDAQ,,6.019863183844376,51.32275132275132,51.32275132275132,22.81215420985478,0.0,14.081616014246823,8.82420689019558,False,2025-11-26,3960.87,4026.5025,0.0250509863927872,-2360912998862.0,2025-11-27 00:21:10
2025-11-27,024840,0.1063606173688493,0.1316346928350591,-0.3067518165859447,-0.3723666076618918,0.205840007235355,0.0277752904285429,10.63606173688494,22.75,-2.3831944712626005,1683.0,,KBI메탈,KOSDAQ,금융,10.63606173688494,70.37037037037037,70.37037037037037,20.5840007235355,0.0,13.772748154465996,15.67518165859447,False,2025-11-26,3960.87,4026.5025,0.0250509863927872,-2360912998862.0,2025-11-27 00:21:10
2025-11-27,455250,0.0347969797534284,-0.0228642849367303,-0.031446778854747,-0.0233794131703049,0.000789221349067,0.0002471312212423,3.479697975342844,73.54,2.055796512566853,2105.0,,KB제25호스팩,KOSDAQ,금융,3.479697975342844,41.7989417989418,41.7989417989418,0.0789221349067,0.0,13.603322466012067,0.0,False,2025-11-26,3960.87,4026.5025,0.0250509863927872,-2360912998862.0,2025-11-27 00:21:10
2025-11-27,309960,0.0711403038892135,0.0706998973651245,-0.2170756044417452,-0.2910969216174265,0.0616660875565839,0.0250828225259698,7.114030388921355,39.15,-0.4487842117231197,5120.0,,LB인베스트먼트,KOSDAQ,,7.114030388921355,54.4973544973545,54.4973544973545,6.16660875565839,0.0,13.31750721062283,6.70756044417452,False,2025-11-26,3960.87,4026.5025,0.0250509863927872,-2360912998862.0,2025-11-27 00:21:10
2025-11-27,487570,0.0808849751362097,0.0564481278700843,-0.2595733014453102,-0.2799428525186674,0.1076362040317905,0.0237504725181218,8.088497513620974,47.09,-0.0718950474393586,65200.0,,HS효성,KOSPI,,8.088497513620974,62.43386243386243,62.43386243386243,10.76362040317905,0.0,12.89028294050876,10.957330144531022,False,2025-11-26,3960.87,4026.5025,0.0250509863927872,-2360912998862.0,2025-11-27 00:21:10
2025-11-27,0037T0,0.0269959378939095,0.0217871600577521,-0.0358673807684432,-0.0291412978721897,0.0035334115058561,0.0002544081770992,2.6995937893909527,56.08,0.7856737441021849,1994.0,,KB제32호스팩,KOSDAQ,금융,2.6995937893909527,39.682539682539684,39.682539682539684,0.35334115058561,0.0,12.802975329225593,0.0,False,2025-11-26,3960.87,4026.5025,0.0250509863927872,-2360912998862.0,2025-11-27 00:21:10
2025-11-27,035600,0.0430203353674634,0.1227814297993994,-0.1826381071407282,-0.2267606297226679,0.0479041190149055,0.0488346245454688,4.302033536746341,68.25,1.5804726381447058,10580.0,,KG이니시스,KOSDAQ,,4.302033536746341,43.91534391534391,43.91534391534391,4.79041190149055,0.0,12.399005496926893,3.2638107140728208,False,2025-11-26,3960.87,4026.5025,0.0250509863927872,-2360912998862.0,2025-11-27 00:21:10
2025-11-27,492220,0.0260580494675133,0.1384841618853585,-0.0250324413598983,-0.0639067635950846,0.0015547685388476,0.0165397056610933,2.6058049467513333,67.72,1.5556365718452407,2005.0,,KB제31호스팩,KOSDAQ,금융,2.6058049467513333,38.095238095238095,38.095238095238095,0.15547685388476,0.0,12.249182126068018,0.0,False,2025-11-26,3960.87,4026.5025,0.0250509863927872,-2360912998862.0,2025-11-27 00:21:10
2025-11-27,007070,0.0446396871287018,0.0220279739132007,-0.2269548172574444,-0.2650229054477533,0.1838650931764153,0.1227569905188556,4.463968712870181,95.77,4.564761495999662,21400.0,,GS리테일,KOSPI,소비재/유통,4.463968712870181,45.5026455026455,45.5026455026455,18.38650931764153,0.0,11.891129868320647,7.695481725744441,False,2025-11-26,3960.87,4026.5025,0.0250509863927872,-2360912998862.0,2025-11-27 00:21:10
2025-11-27,000480,0.0184762350593994,0.0625296560234323,-0.1136726739291074,-0.1765094682072311,0.0050825342327156,0.0051624530434439,1.847623505939944,89.42,3.2521500414005065,4935.0,,CR홀딩스,KOSPI,,1.847623505939944,35.978835978835974,35.978835978835974,0.50825342327156,0.0,11.475001201250667,0.0,False,2025-11-26,3960.87,4026.5025,0.0250509863927872,-2360912998862.0,2025-11-27 00:21:10
2025-11-27,027410,0.0255622939280153,0.2147349124401096,-0.166849976423849,-0.2531832662709688,0.0430112243485374,0.030757589840649,2.5562293928015345,76.72,2.2402508786779216,3990.0,,BGF,KOSPI,,2.5562293928015345,37.56613756613756,37.56613756613756,4.30112243485374,0.0,11.426993054010264,1.6849976423849,False,2025-11-26,3960.87,4026.5025,0.0250509863927872,-2360912998862.0,2025-11-27 00:21:10
2025-11-27,024940,0.0264355303827679,0.2279220388423448,-0.1676904119117229,-0.2667266577127541,0.0257668559410483,0.1339105487764357,2.6435530382767918,70.9,1.8991948903559464,5230.0,,PN풍년,KOSDAQ,,2.6435530382767918,39.15343915343915,39.15343915343915,2.57668559410483,0.0,11.4142278648687,1.769041191172291,False,2025-11-26,3960.87,4026.5025,0.0250509863927872,-2360912998862.0,2025-11-27 00:21:10
2025-11-27,0072Z0,0.0161080830862176,0.0140921528160025,-0.025299516429695,-0.0262379873307574,0.0017204976333495,0.0002203896093011,1.6108083086217695,80.42,2.4047674579528286,1980.0,,KB제33호스팩,KOSDAQ,금융,1.6108083086217695,35.44973544973545,35.44973544973545,0.17204976333495,0.0,11.161175568340902,0.0,False,2025-11-26,3960.87,4026.5025,0.0250509863927872,-2360912998862.0,2025-11-27 00:21:10
2025-11-27,464680,0.0151430881941303,0.0902815629401707,-0.0162224802612853,-0.0409952778736125,0.0012955876995506,0.0196209387077259,1.514308819413035,88.36,2.9845444249644126,2070.0,,KB제27호스팩,KOSDAQ,금융,1.514308819413035,34.92063492063492,34.92063492063492,0.12955876995506,0.0,10.96287281450315,0.0,False,2025-11-26,3960.87,4026.5025,0.0250509863927872,-2360912998862.0,2025-11-27 00:21:10
2025-11-27,290120,0.0148239115902677,0.0749478140891646,-0.1405798518970133,-0.2126266978559521,0.0054030855489645,0.0086755872315513,1.4823911590267749,83.6,2.703541256251696,2385.0,,DH오토리드,KOSDAQ,,1.4823911590267749,34.39153439153439,34.39153439153439,0.54030855489645,0.0,10.897254803892462,0.0,False,2025-11-26,3960.87,4026.5025,0.0250509863927872,-2360912998862.0,2025-11-27 00:21:10
2025-11-27,061970,0.0330136676008254,0.0061901257473047,-0.211311917274029,-0.2345043226464625,0.1368976225862469,0.0187575226741718,3.301366760082547,15.34,-3.209234667386792,4460.0,,LB세미콘,KOSDAQ,,3.301366760082547,41.269841269841265,41.269841269841265,13.689762258624691,0.0,10.662611246230414,6.131191727402902,False,2025-11-26,3960.87,4026.5025,0.0250509863927872,-2360912998862.0,2025-11-27 00:21:10
2025-11-27,044450,0.0377685382104562,0.0452830328293103,-0.1860184085020227,-0.2326335960840096,0.0140827795051526,0.0546607427788106,3.776853821045623,86.24,2.8930670748897933,9520.0,,KSS해운,KOSPI,,3.776853821045623,42.32804232804233,42.32804232804233,1.40827795051526,0.0,10.58169748215293,3.6018408502022705,False,2025-11-26,3960.87,4026.5025,0.0250509863927872,-2360912998862.0,2025-11-27 00:21:10
2025-11-27,278650,0.0487911613778926,0.0678967978952722,-0.2630603822128503,-0.2565030787836599,0.2491402596286965,0.0986117819568183,4.879116137789263,32.8,-0.8916010829511067,1462.0,,HLB바이오스텝,KOSDAQ,바이오/제약,4.879116137789263,46.56084656084656,46.56084656084656,24.914025962869648,0.0,10.354457079023128,11.306038221285029,False,2025-11-26,3960.87,4026.5025,0.0250509863927872,-2360912998862.0,2025-11-27 00:21:10
2025-11-27,478390,0.011703207149877,-0.0308005582337012,-0.0283974071054966,-0.0315655386551072,0.0015769123969726,0.0003567172832389,1.1703207149877048,58.73,1.1110705762049269,2060.0,,KB제29호스팩,KOSDAQ,금융,1.1703207149877048,32.804232804232804,32.804232804232804,0.15769123969725998,0.0,10.231788865690465,0.0,False,2025-11-26,3960.87,4026.5025,0.0250509863927872,-2360912998862.0,2025-11-27 00:21:10
2025-11-27,000210,0.0739884019467573,-0.1983791821645317,-0.2710143239843355,-0.3724223865995767,0.107071174588904,0.1678015314682816,7.398840194675738,50.26,0.3048490960479202,39650.0,,DL,KOSPI,,7.398840194675738,57.67195767195767,57.67195767195767,10.7071174588904,0.0,10.096586326279072,12.10143239843355,False,2025-11-26,3960.87,4026.5025,0.0250509863927872,-2360912998862.0,2025-11-27 00:21:10
2025-11-27,486630,0.0105442627590479,0.1315107262105539,-0.028474865660123,-0.0816435625937578,0.0021887101614462,0.0182136530410824,1.0544262759047962,60.85,1.3520763145589256,2035.0,,KB제30호스팩,KOSDAQ,금융,1.0544262759047962,32.27513227513227,32.27513227513227,0.21887101614462,0.0,10.053585319347276,0.0,False,2025-11-26,3960.87,4026.5025,0.0250509863927872,-2360912998862.0,2025-11-27 00:21:10
2025-11-27,042670,0.0711412082315559,0.0758561243632447,-0.2823222162681475,-0.3012208424576332,0.184561839756662,0.1097213555945168,7.11412082315559,52.91,0.4465282717137004,14770.0,,HD현대인프라코어,KOSPI,,7.11412082315559,55.026455026455025,55.026455026455025,18.4561839756662,0.0,10.02399712198498,13.232221626814752,False,2025-11-26,3960.87,4026.5025,0.0250509863927872,-2360912998862.0,2025-11-27 00:21:10
2025-11-27,095570,0.0069698041627528,-0.0008551058632251,-0.157879424375909,-0.1401304947744388,0.0840645741387317,0.0099669235153525,0.6969804162752835,92.06,3.690635144183695,4665.0,,AJ네트웍스,KOSPI,,0.6969804162752835,28.04232804232804,28.04232804232804,8.40645741387317,0.0,9.935464453458389,0.7879424375908994,False,2025-11-26,3960.87,4026.5025,0.0250509863927872,-2360912998862.0,2025-11-27 00:21:10
2025-11-27,097955,0.0083728579749051,0.0059798044883736,-0.1300793021805457,-0.127287440424757,0.005858228510862,0.0019097325597005,0.8372857974905168,61.9,1.38617673063057,138600.0,,CJ제일제당 우,KOSPI,소비재/유통,0.8372857974905168,30.158730158730158,30.158730158730158,0.5858228510862,0.0,9.445260499637753,0.0,False,2025-11-26,3960.87,4026.5025,0.0250509863927872,-2360912998862.0,2025-11-27 00:21:10
2025-11-27,477760,0.007881063885234,0.101173767167578,-0.0195147544343004,-0.065820850051868,0.0012460116140561,0.0164997457260922,0.7881063885234019,82.01,2.556337421768696,2100.0,,DB금융스팩12호,KOSDAQ,금융,0.7881063885234019,29.100529100529098,29.100529100529098,0.12460116140561,0.0,8.997740937067151,0.0,False,2025-11-26,3960.87,4026.5025,0.0250509863927872,-2360912998862.0,2025-11-27 00:21:10
2025-11-27,001250,0.0105101220172219,-0.0554863930021006,-0.1835421798594282,-0.2061405654234764,0.0994877649185795,0.0063984716350683,1.05101220172219,48.15,0.0833878813644273,2395.0,,GS글로벌,KOSPI,소비재/유통,1.05101220172219,31.746031746031743,31.746031746031743,9.94877649185795,0.0,8.972089321347845,3.35421798594282,False,2025-11-26,3960.87,4026.5025,0.0250509863927872,-2360912998862.0,2025-11-27 00:21:10
2025-11-27,322000,0.0097113536057975,0.0265832002100652,-0.2394812157733457,-0.3078554735744055,0.3334929472131568,0.0536168608255446,0.9711353605797556,8.99,-4.309016651649761,54600.0,,HD현대에너지솔루션,KOSPI,2차전지,0.9711353605797556,30.687830687830687,30.687830687830687,33.34929472131568,0.0,8.886891917517483,8.94812157733457,False,2025-11-26,3960.87,4026.5025,0.0250509863927872,-2360912998862.0,2025-11-27 00:21:10
2025-11-27,009070,0.020498334654492,-0.045162722191038,-0.2138015614196594,-0.2673617234193354,0.1462753809090967,0.0561509007858127,2.0498334654492023,45.5,-0.112790106902254,5200.0,,KCTC,KOSPI,,2.0498334654492023,36.507936507936506,36.507936507936506,14.62753809090967,0.0,8.844059372777188,6.38015614196594,False,2025-11-26,3960.87,4026.5025,0.0250509863927872,-2360912998862.0,2025-11-27 00:21:10
2025-11-27,298050,0.0142816969333698,0.0433317122698091,-0.2113661690103884,-0.2292321919753263,0.1746608234989015,0.0136016204638659,1.4281696933369892,63.49,1.4275324551310375,204000.0,,HS효성첨단소재,KOSPI,,1.4281696933369892,33.86243386243386,33.86243386243386,17.46608234989015,0.0,8.817084753164952,6.136616901038841,False,2025-11-26,3960.87,4026.5025,0.0250509863927872,-2360912998862.0,2025-11-27 00:21:10
2025-11-27,469480,0.0045134526533201,0.1469029267970663,-0.0301586612896656,-0.0942731400590423,0.0014584846086663,0.0181950609568249,0.4513452653320149,84.13,2.790840525514345,2215.0,,IBKS제24호스팩,KOSDAQ,,0.4513452653320149,26.455026455026452,26.455026455026452,0.14584846086663,0.0,8.108373631324197,0.0,False,2025-11-26,3960.87,4026.5025,0.0250509863927872,-2360912998862.0,2025-11-27 00:21:10
2025-11-27,051500,0.0264173893863643,0.0710232434805191,-0.197759719870586,-0.1819206878570703,0.0184087879934551,0.067807692965687,2.64173893863644,57.67,0.9746233748420612,26350.0,,CJ프레시웨이,KOSDAQ,소비재/유통,2.64173893863644,38.62433862433862,38.62433862433862,1.8408787993455098,0.0,8.064070981670294,4.7759719870585995,False,2025-11-26,3960.87,4026.5025,0.0250509863927872,-2360912998862.0,2025-11-27 00:21:10
2025-11-27,415640,0.0075699826628741,0.0480723236663351,-0.182779314016309,-0.220279887318813,0.0968014213935037,0.039276956796396,0.756998266287412,40.21,-0.4031317568556505,9770.0,,KB발해인프라,KOSPI,금융,0.756998266287412,28.57142857142857,28.57142857142857,9.68014213935037,0.0,7.940632184521487,3.2779314016309016,False,2025-11-26,3960.87,4026.5025,0.0250509863927872,-2360912998862.0,2025-11-27 00:21:10
2025-11-27,046440,-0.0127104823393274,0.0862303676743352,-0.1593063872016752,-0.1871526017731752,0.0884003699775628,0.0348868023614244,-1.2710482339327478,38.1,-0.5195817381188187,4745.0,,KG모빌리언스,KOSDAQ,,0.0,21.693121693121693,21.693121693121693,8.84003699775628,0.0,7.787307037208057,0.9306387201675204,False,2025-11-26,3960.87,4026.5025,0.0250509863927872,-2360912998862.0,2025-11-27 00:21:10
2025-11-27,160550,0.0069287368529491,0.0109484456868169,-0.1614593099476841,-0.2298060174961746,0.0117257073875026,0.0101963184349217,0.6928736852949147,48.68,0.0932793708803755,2090.0,,NEW,KOSDAQ,,0.6928736852949147,27.513227513227513,27.513227513227513,1.17257073875026,0.0,7.6090420494758835,1.1459309947684098,False,2025-11-26,3960.87,4026.5025,0.0250509863927872,-2360912998862.0,2025-11-27 00:21:10
2025-11-27,001460,-0.0063529500515583,-0.2730043838085447,-0.1292913932065038,-0.1366227457450081,0.0191957362934987,0.0188655222291148,-0.6352950051558337,85.71,2.8507789687640086,40100.0,,BYC,KOSPI,,0.0,23.28042328042328,23.28042328042328,1.91957362934987,0.0,7.464020391464451,0.0,False,2025-11-26,3960.87,4026.5025,0.0250509863927872,-2360912998862.0,2025-11-27 00:21:10
2025-11-27,467930,-0.001532756932993,0.1303558174923267,-0.0393390074540808,-0.085551762245486,0.0017612152326079,0.0823101636476963,-0.153275693299304,80.95,2.4410033362686243,2220.0,,IBKS제23호스팩,KOSDAQ,,0.0,24.33862433862434,24.33862433862434,0.17612152326079,0.0,7.345617682402499,0.0,False,2025-11-26,3960.87,4026.5025,0.0250509863927872,-2360912998862.0,2025-11-27 00:21:10
2025-11-27,001067,-0.0107828902522811,0.0420508426321153,-0.0606176818655862,-0.1108893634593802,0.007753708300015,0.0052502589274552,-1.0782890252281183,72.49,2.004092265584253,61200.0,,JW중외제약2우B,KOSPI,바이오/제약,0.0,22.75132275132275,22.75132275132275,0.7753708300015,0.0,7.0192395328972,0.0,False,2025-11-26,3960.87,4026.5025,0.0250509863927872,-2360912998862.0,2025-11-27 00:21:10
2025-11-27,211270,0.0041842452828555,0.178793573355948,-0.1895167751072247,-0.3056774494785041,0.1019467110478509,0.1137624550315759,0.4184245282855547,31.22,-1.144375651892181,11580.0,,AP위성,KOSDAQ,,0.4184245282855547,25.925925925925924,25.925925925925924,10.19467110478509,0.0,6.500295401737246,3.9516775107224706,False,2025-11-26,3960.87,4026.5025,0.0250509863927872,-2360912998862.0,2025-11-27 00:21:10
2025-11-27,016380,-0.0359163848632847,0.0467345819505191,-0.1488185062138554,-0.2094454387245148,0.0868082950486243,0.1249014473716936,-3.5916384863284745,56.61,0.8910730571123554,5390.0,,KG스틸,KOSPI,,0.0,14.285714285714285,14.285714285714285,8.68082950486243,0.0,6.455921661929893,0.0,False,2025-11-26,3960.87,4026.5025,0.0250509863927872,-2360912998862.0,2025-11-27 00:21:10
2025-11-27,00104K,0.0082325472196931,-0.0069536225080252,-0.1898397204227552,-0.1828852912534219,0.0468126080799414,0.0349284205068782,0.8232547219693132,74.07,2.073904261364105,155500.0,,CJ4우(전환),KOSPI,소비재/유통,0.8232547219693132,29.629629629629626,29.629629629629626,4.68126080799414,0.0,6.322208465202696,3.9839720422755214,False,2025-11-26,3960.87,4026.5025,0.0250509863927872,-2360912998862.0,2025-11-27 00:21:10
2025-11-27,036640,-0.0225357934387014,0.0457629342528247,-0.0895182324098932,-0.1706814708448298,0.0087049795767293,0.0612598266409873,-2.253579343870149,87.3,2.9607017044680823,5350.0,,HRS,KOSDAQ,,0.0,19.576719576719576,19.576719576719576,0.8704979576729299,0.0,6.0906403624341054,0.0,False,2025-11-26,3960.87,4026.5025,0.0250509863927872,-2360912998862.0,2025-11-27 00:21:10
2025-11-27,021320,-0.0277259235963986,0.0567663898354637,-0.1429237101694925,-0.1739857372360201,0.0339027156066518,0.0201443995151134,-2.7725923596398694,90.48,3.4352249187024877,5020.0,,KCC건설,KOSDAQ,,0.0,17.46031746031746,17.46031746031746,3.39027156066518,0.0,6.085663128261532,0.0,False,2025-11-26,3960.87,4026.5025,0.0250509863927872,-2360912998862.0,2025-11-27 00:21:10
2025-11-27,417200,-0.0406206358084654,-0.0137074739327464,-0.2380748806882438,-0.2231807241567359,0.0253696515256271,0.1055079762417433,-4.062063580846543,7.94,-4.346058974970456,11600.0,0.056348931307273,LS머트리얼즈,KOSDAQ,전기제품,0.0,13.227513227513226,13.227513227513226,2.53696515256271,68.18181818181817,6.022279914842988,8.807488068824382,False,2025-11-26,3960.87,4026.5025,0.0250509863927872,-2360912998862.0,2025-11-27 00:21:10
2025-11-27,000120,-0.0206271762364355,0.0140927764785419,-0.1639824899459868,-0.1640178726485646,0.0528096738525178,0.0619248292961814,-2.0627176236435507,91.01,3.629060080889048,92800.0,,CJ대한통운,KOSPI,소비재/유통,0.0,20.105820105820104,20.105820105820104,5.28096738525178,0.0,5.953738883460296,1.3982489945986805,False,2025-11-26,3960.87,4026.5025,0.0250509863927872,-2360912998862.0,2025-11-27 00:21:10
2025-11-27,225530,0.0281402090724696,0.1511403282647128,-0.2312318288345034,-0.2827309675860862,0.0266630605191749,0.0107032993380137,2.8140209072469613,53.44,0.5325775955122617,2835.0,,HC보광산업,KOSDAQ,,2.8140209072469613,40.21164021164021,40.21164021164021,2.66630605191749,0.0,5.451091965195181,8.123182883450342,False,2025-11-26,3960.87,4026.5025,0.0250509863927872,-2360912998862.0,2025-11-27 00:21:10
2025-11-27,175330,-0.0251426517110341,-0.1588594446211155,-0.1605681025750065,-0.1774130297102545,0.0356103576092857,0.0707647974466758,-2.5142651711034136,71.96,1.9772827110614355,24050.0,,JB금융지주,KOSPI,금융,0.0,18.51851851851852,18.51851851851852,3.56103576092857,0.0,5.389004238287047,1.056810257500651,False,2025-11-26,3960.87,4026.5025,0.0250509863927872,-2360912998862.0,2025-11-27 00:21:10
2025-11-27,004840,-0.0290174449958769,-0.0247948999485696,-0.1450041610555759,-0.1130916260330494,0.0209566750582264,0.0104288526315738,-2.9017444995876995,92.59,3.699431182675741,4845.0,,DRB동일,KOSPI,,0.0,15.873015873015872,15.873015873015872,2.09566750582264,0.0,5.285821638360421,0.0,False,2025-11-26,3960.87,4026.5025,0.0250509863927872,-2360912998862.0,2025-11-27 00:21:10
2025-11-27,001390,-0.0109826918685,0.0170403898654034,-0.1792523670564009,-0.2283000040075748,0.0549806809213182,0.0211579154187969,-1.0982691868500094,64.55,1.467306178884467,5320.0,,KG케미칼,KOSPI,,0.0,22.22222222222222,22.22222222222222,5.49806809213182,0.0,5.115946984059531,2.925236705640091,False,2025-11-26,3960.87,4026.5025,0.0250509863927872,-2360912998862.0,2025-11-27 00:21:10
2025-11-27,011155,-0.0712658804343857,-0.0148496976892192,-0.1470630892007592,-0.2111819174976116,0.1013662664148785,0.0065034680936904,-7.126588043438575,12.7,-3.630094673157199,14780.0,,CJ씨푸드1우,KOSPI,소비재/유통,0.0,7.936507936507936,7.936507936507936,10.136626641487851,0.0,4.915109041324343,0.0,False,2025-11-26,3960.87,4026.5025,0.0250509863927872,-2360912998862.0,2025-11-27 00:21:10
2025-11-27,474610,0.0068571876476579,-0.0388808283945946,-0.1921443775768248,-0.2719653371680046,0.0295336850233963,0.012196100809252,0.685718764765797,13.23,-3.5545154138838466,3990.0,,RF시스템즈,KOSDAQ,,0.685718764765797,26.984126984126984,26.984126984126984,2.95336850233963,0.0,4.824858092570262,4.21443775768248,False,2025-11-26,3960.87,4026.5025,0.0250509863927872,-2360912998862.0,2025-11-27 00:21:10
2025-11-27,052900,0.0543709884134488,0.0793067442003432,-0.2951880181139004,-0.2078337963487307,0.1052941377180531,0.0068732597118483,5.4370988413448895,34.92,-0.6820005020487263,916.0,,KX하이텍,KOSDAQ,,5.4370988413448895,49.2063492063492,49.2063492063492,10.52941377180531,0.0,4.506586045869513,14.51880181139004,False,2025-11-26,3960.87,4026.5025,0.0250509863927872,-2360912998862.0,2025-11-27 00:21:10
2025-11-27,008970,0.0444798661437726,-0.1630529047207138,-0.2623407764924343,-0.3458236163229279,0.0365228905793231,0.0059621440518513,4.447986614377264,9.52,-4.231480618139415,2010.0,,KBI동양철관,KOSPI,금융,4.447986614377264,44.97354497354497,44.97354497354497,3.6522890579323097,0.0,4.505454091616315,11.234077649243432,False,2025-11-26,3960.87,4026.5025,0.0250509863927872,-2360912998862.0,2025-11-27 00:21:10
2025-11-27,097230,-0.0020313215659057,-0.1348536103088615,-0.1929694797015155,-0.3169783925345282,0.0636203211716448,0.0349859730109714,-0.2031321565905797,5.29,-5.318582856263774,21300.0,,HJ중공업,KOSPI,,0.0,23.809523809523807,23.809523809523807,6.36203211716448,0.0,4.43641720199671,4.296947970151551,False,2025-11-26,3960.87,4026.5025,0.0250509863927872,-2360912998862.0,2025-11-27 00:21:10
2025-11-27,065770,0.0232126204879488,0.0840870857310895,-0.2646378764919883,-0.3008331597297086,0.1410596027151514,0.0093653328454237,2.321262048794881,10.05,-3.987503623131337,802.0,,CS,KOSDAQ,,2.321262048794881,37.03703703703704,37.03703703703704,14.105960271515139,0.0,3.870192144429531,11.463787649198828,False,2025-11-26,3960.87,4026.5025,0.0250509863927872,-2360912998862.0,2025-11-27 00:21:10
2025-11-27,095340,-0.2840816966275089,-0.2034559326163987,-0.278161840433293,-0.3781838238545302,0.20630283102594,0.0874844871994596,-28.408169662750893,100.0,8.820029302864235,105600.0,0.0663917781871397,ISC,KOSDAQ,반도체와반도체장비,0.0,1.0582010582010581,1.0582010582010581,20.630283102594,72.72727272727273,3.567937958870427,12.8161840433293,False,2025-11-26,3960.87,4026.5025,0.0250509863927872,-2360912998862.0,2025-11-27 00:21:10
2025-11-27,440290,-0.0591721340988251,-0.0066063372800873,-0.1301168818339043,-0.2293816722569083,0.012303060924927,0.0026524396415223,-5.917213409882516,52.38,0.3919644602568046,2090.0,,HB인베스트먼트,KOSDAQ,,0.0,9.523809523809524,9.523809523809524,1.2303060924927,0.0,3.1647193802660323,0.0,False,2025-11-26,3960.87,4026.5025,0.0250509863927872,-2360912998862.0,2025-11-27 00:21:10
2025-11-27,014790,-0.0595671022556086,-0.079955641445123,-0.1450316419225948,-0.2014586442582905,0.014037000626497,0.0051514466135912,-5.956710225560869,91.53,3.6324795751816064,2585.0,,HL D&I,KOSPI,,0.0,8.994708994708994,8.994708994708994,1.4037000626496998,0.0,3.049337714075123,0.0,False,2025-11-26,3960.87,4026.5025,0.0250509863927872,-2360912998862.0,2025-11-27 00:21:10
2025-11-27,007340,-0.0230186260842892,-0.003006888636698,-0.1891654884115901,-0.242248214430846,0.0417124191015972,0.0566157040422798,-2.3018626084289284,59.26,1.2359391313032335,24000.0,,DN오토모티브,KOSPI,,0.0,19.047619047619047,19.047619047619047,4.17124191015972,0.0,2.8405473506666348,3.9165488411590093,False,2025-11-26,3960.87,4026.5025,0.0250509863927872,-2360912998862.0,2025-11-27 00:21:10
2025-11-27,017940,-0.001361244649513,0.0404120023058967,-0.2495033515814567,-0.3126640724686996,0.1853977124508219,0.0670428861644179,-0.1361244649513038,96.3,4.616994628722361,86100.0,,E1,KOSPI,,0.0,24.867724867724867,24.867724867724867,18.53977124508219,0.0,2.144925113442337,9.95033515814567,False,2025-11-26,3960.87,4026.5025,0.0250509863927872,-2360912998862.0,2025-11-27 00:21:10
2025-11-27,050120,-0.0467895739620708,-0.041640751079458,-0.1831576899512812,-0.2079961099689312,0.056822403207118,0.0139389790506933,-4.678957396207084,73.02,2.0475975337255656,3045.0,,ES큐브,KOSDAQ,,0.0,12.16931216931217,12.16931216931217,5.6822403207117995,0.0,1.7555847358434797,3.315768995128121,False,2025-11-26,3960.87,4026.5025,0.0250509863927872,-2360912998862.0,2025-11-27 00:21:10
2025-11-27,365550,-0.116309176812361,-0.051765574379606,-0.1403839638656036,-0.1614971077999254,0.0124876613231356,0.0165352707007336,-11.630917681236108,55.56,0.7781533293141825,4380.0,,ESR켄달스퀘어리츠,KOSPI,,0.0,4.761904761904762,4.761904761904762,1.2487661323135602,0.0,1.7407629616498186,0.0,False,2025-11-26,3960.87,4026.5025,0.0250509863927872,-2360912998862.0,2025-11-27 00:21:10
2025-11-27,126600,-0.0505233659034973,-0.0437091516923514,-0.1798378602784449,-0.2286415280111378,0.0454448218701511,0.0182492880398904,-5.0523365903497375,97.35,5.192883124829761,3165.0,,BGF에코머티리얼즈,KOSDAQ,,0.0,11.11111111111111,11.11111111111111,4.54448218701511,0.0,1.4856678522426203,2.98378602784449,False,2025-11-26,3960.87,4026.5025,0.0250509863927872,-2360912998862.0,2025-11-27 00:21:10
2025-11-27,000990,-0.0189920281464797,0.0269099840092703,-0.269426306093764,-0.3383977958238391,0.2874630835197639,0.1500194693377304,-1.8992028146479711,40.74,-0.386210355579863,62800.0,,DB하이텍,KOSPI,,0.0,20.634920634920633,20.634920634920633,28.746308351976392,0.0,1.4344226690938875,11.942630609376401,False,2025-11-26,3960.87,4026.5025,0.0250509863927872,-2360912998862.0,2025-11-27 00:21:10
2025-11-27,011150,-0.1353487189508453,-0.1277841665054205,-0.111161020394266,-0.1121848397623989,0.0159796356782997,0.0034935555670649,-13.534871895084532,42.33,-0.3275747497880557,2730.0,,CJ씨푸드,KOSPI,소비재/유통,0.0,3.1746031746031744,3.1746031746031744,1.59796356782997,0.0,1.3518718443384448,0.0,False,2025-11-26,3960.87,4026.5025,0.0250509863927872,-2360912998862.0,2025-11-27 00:21:10
2025-11-27,001530,0.0541473713298861,-0.0469325215551247,-0.3234749703272412,-0.3390230925450977,0.0997294416966488,0.0665349748756646,5.414737132988612,62.96,1.427522348357263,18660.0,,DI동일,KOSPI,,5.414737132988612,48.148148148148145,48.148148148148145,9.97294416966488,0.0,1.2146045940331263,17.34749703272412,False,2025-11-26,3960.87,4026.5025,0.0250509863927872,-2360912998862.0,2025-11-27 00:21:10
2025-11-27,322180,0.0722425108068758,-0.067916873850094,-0.3483352190278217,-0.3072838019921393,0.0663673801935571,0.0203721253891336,7.224251080687583,7.41,-4.444568994108807,6170.0,,LS티라유텍,KOSDAQ,,7.224251080687583,56.08465608465608,56.08465608465608,6.63673801935571,0.0,0.8183347516598509,19.833521902782174,False,2025-11-26,3960.87,4026.5025,0.0250509863927872,-2360912998862.0,2025-11-27 00:21:10
2025-11-27,37550K,-0.0359674039358229,0.030683332337879,-0.1934537962541042,-0.2128871101965666,0.0262174119621173,0.0312213866231942,-3.5967403935822984,68.78,1.6513599095955367,22250.0,,DL이앤씨우,KOSPI,,0.0,13.756613756613756,13.756613756613756,2.6217411962117296,0.0,0.43703980062663916,4.34537962541042,False,2025-11-26,3960.87,4026.5025,0.0250509863927872,-2360912998862.0,2025-11-27 00:21:10
2025-11-27,000215,0.0100384649948137,0.0458016709063084,-0.2509431525841338,-0.2770245046453999,0.0327998408078356,0.0432524921130181,1.0038464994813756,64.02,1.4317124099806993,26400.0,,DL우,KOSPI,,1.0038464994813756,31.216931216931215,31.216931216931215,3.27998408078356,0.0,0.39191407670628564,10.094315258413381,False,2025-11-26,3960.87,4026.5025,0.0250509863927872,-2360912998862.0,2025-11-27 00:21:10
2025-11-27,060250,0.0327428867273265,0.0079178903563152,-0.3322307878764955,-0.3708001248766575,0.164845289134047,0.0792996260822223,3.2742886727326503,53.97,0.5727110341370206,16350.0,,NHN KCP,KOSDAQ,,3.2742886727326503,40.74074074074074,40.74074074074074,16.4845289134047,0.0,-0.8974377352563607,18.223078787649552,False,2025-11-26,3960.87,4026.5025,0.0250509863927872,-2360912998862.0,2025-11-27 00:21:10
2025-11-27,130500,-0.0779787508668573,0.070547414111691,-0.1852093103193051,-0.2233465208309968,0.0162030385308667,0.0228575740491927,-7.797875086685735,30.16,-1.3047096390082475,2385.0,,GH신소재,KOSDAQ,,0.0,6.878306878306878,6.878306878306878,1.62030385308667,0.0,-1.0523630051667796,3.5209310319305103,False,2025-11-26,3960.87,4026.5025,0.0250509863927872,-2360912998862.0,2025-11-27 00:21:10
2025-11-27,079160,-0.0759038794202703,-0.0029698523192782,-0.1903145179626223,-0.2998974763650106,0.0278742638946896,0.0330230594601895,-7.590387942027032,98.41,5.780132757801187,5630.0,,CJ CGV,KOSPI,소비재/유통,0.0,7.4074074074074066,7.4074074074074066,2.78742638946896,0.0,-1.112372976672769,4.031451796262231,False,2025-11-26,3960.87,4026.5025,0.0250509863927872,-2360912998862.0,2025-11-27 00:21:10
2025-11-27,025440,-0.0705422899060964,0.0559487109504723,-0.1941075213863692,-0.2548862333294109,0.0236486981905944,0.018945758928635,-7.054228990609646,22.22,-2.495554375947153,734.0,,DH오토웨어,KOSDAQ,,0.0,8.465608465608465,8.465608465608465,2.36486981905944,0.0,-1.2798521441895199,4.410752138636919,False,2025-11-26,3960.87,4026.5025,0.0250509863927872,-2360912998862.0,2025-11-27 00:21:10
2025-11-27,418620,-0.0307929178692948,0.0545507717728745,-0.2412420490050489,-0.2797611148989787,0.1292301446702043,0.0056526744223525,-3.079291786929484,12.17,-3.827248787489247,2030.0,,E8,KOSDAQ,,0.0,15.343915343915343,15.343915343915343,12.92301446702043,0.0,-1.2902766805751789,9.124204900504889,False,2025-11-26,3960.87,4026.5025,0.0250509863927872,-2360912998862.0,2025-11-27 00:21:10
2025-11-27,016610,-0.0524749744164065,-0.1136542778749003,-0.2168485616081381,-0.2195364891700957,0.0851500541053842,0.0391422090200346,-5.247497441640658,55.03,0.6321205949033533,10140.0,,DB증권,KOSPI,금융,0.0,10.582010582010582,10.582010582010582,8.51500541053842,0.0,-1.38150163357603,6.684856160813809,False,2025-11-26,3960.87,4026.5025,0.0250509863927872,-2360912998862.0,2025-11-27 00:21:10
2025-11-27,155660,-0.0278505617971324,0.254041521576781,-0.2197462721463307,-0.1546498631072088,0.0089508165894431,0.0114573944959141,-2.785056179713241,75.66,2.153569854771798,3880.0,,DSR,KOSPI,,0.0,16.93121693121693,16.93121693121693,0.89508165894431,0.0,-1.6714917205319129,6.9746272146330694,False,2025-11-26,3960.87,4026.5025,0.0250509863927872,-2360912998862.0,2025-11-27 00:21:10
2025-11-27,001060,-0.0259719861211781,-0.0253862154190709,-0.2367988938638631,-0.2641208077652565,0.0384621524598082,0.0469299541114093,-2.597198612117813,95.24,4.43306143072322,26050.0,,JW중외제약,KOSPI,바이오/제약,0.0,17.989417989417987,17.989417989417987,3.8462152459808197,0.0,-2.3215101780657097,8.67988938638631,False,2025-11-26,3960.87,4026.5025,0.0250509863927872,-2360912998862.0,2025-11-27 00:21:10
2025-11-27,462350,0.0134443644143218,-0.0103032170599554,-0.3368907117691075,-0.3323782728005795,0.2131063112159388,0.0190770752591746,1.344436441432184,3.17,-6.279755539609922,9950.0,,이노스페이스,KOSDAQ,항공,1.344436441432184,33.33333333333333,33.33333333333333,21.31063112159388,0.0,-2.9580824640826275,18.68907117691075,False,2025-11-26,3960.87,4026.5025,0.0250509863927872,-2360912998862.0,2025-11-27 00:21:10
2025-11-27,101000,-0.0947110375560945,0.2009015899010939,-0.2713876720030101,-0.4375802957783051,0.2823882843600886,0.1447391037878873,-9.471103755609455,2.12,-7.256870567109325,760.0,,KS인더스트리,KOSDAQ,,0.0,6.349206349206349,6.349206349206349,28.238828436008863,0.0,-3.174298186536893,12.138767200301013,False,2025-11-26,3960.87,4026.5025,0.0250509863927872,-2360912998862.0,2025-11-27 00:21:10
2025-11-27,104200,-0.1286001356634079,0.0225793634820798,-0.2110598657275726,-0.268786098072968,0.0447457004384371,0.0108333844270386,-12.86001356634079,20.11,-2.7703379779366246,2600.0,,NHN벅스,KOSDAQ,,0.0,4.232804232804233,4.232804232804233,4.47457004384371,0.0,-3.717502791955063,6.10598657275726,False,2025-11-26,3960.87,4026.5025,0.0250509863927872,-2360912998862.0,2025-11-27 00:21:10
2025-11-27,297890,0.00344863889043,-0.0861552640402556,-0.2849299220490822,-0.3514680143734632,0.0675144358916824,0.0070915438018567,0.3448638890430011,6.35,-4.86262463305108,2145.0,,HB솔루션,KOSDAQ,,0.3448638890430011,25.396825396825395,25.396825396825395,6.7514435891682405,0.0,-4.0826245218556405,13.49299220490822,False,2025-11-26,3960.87,4026.5025,0.0250509863927872,-2360912998862.0,2025-11-27 00:21:10
2025-11-27,327260,-0.1297792627291445,-0.1683235719634097,-0.2139725094362609,-0.2681771405122,0.0216172491753483,0.0180251945389957,-12.977926272914452,41.27,-0.3812360799940503,18520.0,,RF머트리얼즈,KOSDAQ,,0.0,3.7037037037037033,3.7037037037037033,2.16172491753483,0.0,-4.745708603131272,6.39725094362609,False,2025-11-26,3960.87,4026.5025,0.0250509863927872,-2360912998862.0,2025-11-27 00:21:10
2025-11-27,037370,-0.1110323120646572,0.200387897753558,-0.2295407899232417,-0.3169012426597079,0.0250386548981937,0.0662253453152886,-11.103231206465724,27.51,-1.6666682827250416,5600.0,,EG,KOSDAQ,,0.0,5.82010582010582,5.82010582010582,2.50386548981937,0.0,-5.582080873837582,7.95407899232417,False,2025-11-26,3960.87,4026.5025,0.0250509863927872,-2360912998862.0,2025-11-27 00:21:10
2025-11-27,003580,-0.0325586736286026,0.004868722796367,-0.2686840563405892,-0.2634763610034368,0.0594109510664248,0.0068903256350257,-3.255867362860265,19.58,-2.8347082408048965,2170.0,,HLB글로벌,KOSPI,,0.0,14.814814814814813,14.814814814814813,5.94109510664248,0.0,-5.938687412953854,11.868405634058918,False,2025-11-26,3960.87,4026.5025,0.0250509863927872,-2360912998862.0,2025-11-27 00:21:10
2025-11-27,900290,-0.1719720436354133,0.017084827143579,-0.2459317339988701,-0.3048208339023224,0.0514964251233866,0.0088542342496206,-17.19720436354133,33.33,-0.8359632672381396,2705.0,,GRT,KOSDAQ,,0.0,2.1164021164021163,2.1164021164021163,5.1496425123386596,0.0,-7.670842136881711,9.59317339988701,False,2025-11-26,3960.87,4026.5025,0.0250509863927872,-2360912998862.0,2025-11-27 00:21:10
2025-11-27,180400,-0.0284132375164487,0.0836235546421588,-0.2978287330907364,-0.3364958774226257,0.0665841707220273,0.0269956951960918,-2.8413237516448757,5.82,-4.96382091174161,1775.0,,DXVX,KOSDAQ,,0.0,16.402116402116402,16.402116402116402,6.65841707220273,0.0,-8.197634120388035,14.782873309073638,False,2025-11-26,3960.87,4026.5025,0.0250509863927872,-2360912998862.0,2025-11-27 00:21:10
2025-11-27,476080,-0.1509484276286897,-0.0439455359627357,-0.2654431662615168,-0.3016411231721617,0.0549298718890916,0.0873306453101516,-15.094842762868977,19.05,-2.8403071192765528,10110.0,,M83,KOSDAQ,,0.0,2.6455026455026456,2.6455026455026456,5.49298718890916,0.0,-9.377419035273599,11.544316626151682,False,2025-11-26,3960.87,4026.5025,0.0250509863927872,-2360912998862.0,2025-11-27 00:21:10
2025-11-27,950170,-0.1119826976438681,-0.1488017019430829,-0.2751576364108019,-0.3306486556098041,0.0528322157456552,0.0243374598561719,-11.198269764386817,0.53,-12.067883113719034,3800.0,,JTC,KOSDAQ,,0.0,5.291005291005291,5.291005291005291,5.28322157456552,0.0,-9.60765666013722,12.515763641080188,False,2025-11-26,3960.87,4026.5025,0.0250509863927872,-2360912998862.0,2025-11-27 00:21:10
2025-11-27,336370,-0.0527207681554723,-0.0805114193678268,-0.3403972479923663,-0.3908418232933943,0.1533446068641396,0.0220282910446711,-5.2720768155472335,2.65,-6.86861903879983,8350.0,,솔루스첨단소재,KOSPI,2차전지,0.0,10.052910052910052,10.052910052910052,15.334460686413959,0.0,-12.190236611760126,19.03972479923663,False,2025-11-26,3960.87,4026.5025,0.0250509863927872,-2360912998862.0,2025-11-27 00:21:10
2025-11-27,060980,-0.2540077039832124,-0.2460045207708063,-0.2866295088024186,-0.2137546891427328,0.0271260300870294,0.0462283458461664,-25.40077039832124,88.89,2.999755545482314,43400.0,,HL홀딩스,KOSPI,,0.0,1.5873015873015872,1.5873015873015872,2.71260300870294,0.0,-12.50860965187565,13.662950880241862,False,2025-11-26,3960.87,4026.5025,0.0250509863927872,-2360912998862.0,2025-11-27 00:21:10
2025-11-27,214270,-0.0154398923280707,0.0796094509116016,-0.3781662108803994,-0.3421100978650701,0.0317448774755818,0.0142616253425884,-1.5439892328070748,6.88,-4.759580564804256,1781.0,,FSN,KOSDAQ,,0.0,21.164021164021165,21.164021164021165,3.17448774755818,0.0,-15.673792801944048,22.81662108803994,False,2025-11-26,3960.87,4026.5025,0.0250509863927872,-2360912998862.0,2025-11-27 00:21:10
2025-11-27,067630,-0.0493686170182975,-0.1768359538400116,-0.3977988920064807,-0.384454582567672,0.1084206434008029,0.0803705049430701,-4.936861701829754,15.87,-3.0726786668187613,4000.0,,HLB생명과학,KOSDAQ,,0.0,11.64021164021164,11.64021164021164,10.84206434008029,0.0,-18.577309623564506,24.77988920064807,False,2025-11-26,3960.87,4026.5025,0.0250509863927872,-2360912998862.0,2025-11-27 00:21:10
2025-11-27,448760,-0.3206403046667778,-0.2817135428667565,-0.3917353327080646,-0.4609417720329792,0.1118639878806878,0.0667063389654441,-32.064030466677785,77.25,2.253875145947275,4765.0,,IBKS제22호스팩,KOSDAQ,,0.0,0.5291005291005291,0.5291005291005291,11.18639878806878,0.0,-21.218203415059104,24.17353327080646,False,2025-11-26,3960.87,4026.5025,0.0250509863927872,-2360912998862.0,2025-11-27 00:21:10
2025-11-27,225190,-0.0461003298835712,0.0487279456325746,-0.4748705030924747,-0.4336945947489243,0.1377166696761143,0.055652345487204,-4.610032988357126,41.8,-0.3696053047709777,1654.0,,LK삼양,KOSDAQ,,0.0,12.698412698412698,12.698412698412698,13.771666967611429,0.0,-25.2346097578208,32.487050309247465,False,2025-11-26,3960.87,4026.5025,0.0250509863927872,-2360912998862.0,2025-11-27 00:21:10
2025-03-25,068790,0.191780096823269,0.2055788670590128,-0.319173268880113,-0.2475389017961372,0.0986124420144639,0.0429434974731471,19.178009682326906,69.68,1.6281468811455664,6330.0,,DMS,KOSDAQ,,19.178009682326906,100.0,100.0,9.86124420144639,0.0,21.30138706704837,16.9173268880113,False,2025-11-26,3960.87,4026.5025,0.0250509863927872,-2360912998862.0,2025-11-27 00:21:10
2025-03-21,119650,0.1347127249939905,0.1104040458701705,-0.3128237089345984,-0.3258648805032687,0.0544633948864672,0.2659156863400412,13.471272499399056,12.63,-2.261015178639939,918.0,,KC코트렐,KOSPI,,13.471272499399056,100.0,100.0,5.44633948864672,0.0,19.12059572852156,16.282370893459838,False,2025-11-26,3960.87,4026.5025,0.0250509863927872,-2360912998862.0,2025-11-27 00:21:10
2025-03-21,009440,0.0323486773877774,0.0043990883445579,-0.2808010320854472,-0.2861217316347885,0.0178479743580525,0.1135213759531767,3.234867738777747,9.47,-2.9488666213482984,756.0,,KC그린홀딩스,KOSPI,,3.234867738777747,50.0,50.0,1.78479743580525,0.0,3.3365564720399146,13.080103208544722,False,2025-11-26,3960.87,4026.5025,0.0250509863927872,-2360912998862.0,2025-11-27 00:21:10
2025-03-10,033180,-0.0272587451730889,-0.0712331837593152,-0.1469661353945715,-0.151416286949228,0.0215247506621402,0.0262763422469398,-2.7258745173088905,23.25,-1.8501412571610512,5310.0,,KH 필룩스,KOSPI,,0.0,90.0,90.0,2.15247506621402,0.0,27.538118766553506,0.0,False,2025-11-26,3960.87,4026.5025,0.0250509863927872,-2360912998862.0,2025-11-27 00:21:10
2025-03-10,139050,-0.0351397019215369,0.0698390274537692,-0.1723997640653974,-0.230297587479875,0.0194445965417263,0.036291985662162,-3.513970192153693,23.25,-1.8501412571610512,2805.0,,BF랩스,KOSDAQ,,0.0,80.0,80.0,1.94445965417263,0.0,22.24613850700342,2.23997640653974,False,2025-11-26,3960.87,4026.5025,0.0250509863927872,-2360912998862.0,2025-11-27 00:21:10
2025-03-10,000300,-0.0369838681657178,-0.0643356565839096,-0.0388532919437937,-0.0179379204103898,0.0120475924846093,0.0320927256156021,-3.698386816571786,23.25,-1.8501412571610512,1984.0,,DH오토넥스,KOSPI,,0.0,70.0,70.0,1.20475924846093,0.0,21.301189812115233,0.0,False,2025-11-26,3960.87,4026.5025,0.0250509863927872,-2360912998862.0,2025-11-27 00:21:10
2025-03-10,099520,0.0142815845942008,0.2761896461554831,-0.2689198033171418,-0.3116736897180376,0.0769100892078242,0.201339410039581,1.4281584594200811,23.25,-1.8501412571610512,1284.0,,DGI,KOSDAQ,,1.4281584594200811,100.0,100.0,7.69100892078242,0.0,20.459219436307446,11.891980331714183,False,2025-11-26,3960.87,4026.5025,0.0250509863927872,-2360912998862.0,2025-11-27 00:21:10
2025-03-10,226360,-0.0375362078202319,-0.0909552387422449,-0.1681550892527969,-0.1963806771599117,0.0130378257213891,0.0260200343227191,-3.7536207820231926,23.25,-1.8501412571610512,2555.0,,KH 건설,KOSDAQ,,0.0,60.0,60.0,1.30378257213891,0.0,16.510436717755038,1.8155089252796908,False,2025-11-26,3960.87,4026.5025,0.0250509863927872,-2360912998862.0,2025-11-27 00:21:10
2025-03-10,222160,-0.0432517079998492,-0.0834973875917176,-0.1270423201121827,-0.1046754311784215,0.0148823117413444,0.0244702915069798,-4.325170799984923,23.25,-1.8501412571610512,8040.0,,NPX,KOSDAQ,,0.0,50.0,50.0,1.48823117413444,0.0,15.37205779353361,0.0,False,2025-11-26,3960.87,4026.5025,0.0250509863927872,-2360912998862.0,2025-11-27 00:21:10
2025-03-10,111870,-0.0444747211276909,-0.100808416387001,-0.1404788323096224,-0.1345467581181526,0.0117346254950419,0.0210544622973208,-4.447472112769091,23.25,-1.8501412571610512,8910.0,,KH 미래물산,KOSDAQ,,0.0,40.0,40.0,1.17346254950419,0.0,12.293365637376047,0.0,False,2025-11-26,3960.87,4026.5025,0.0250509863927872,-2360912998862.0,2025-11-27 00:21:10
2025-03-10,003560,-0.0477467147034261,-0.1055403029887418,-0.1458781933750729,-0.1333674886978567,0.0117346254950419,0.0236532330318155,-4.774671470342618,23.25,-1.8501412571610512,10760.0,,IHQ,KOSPI,,0.0,30.0,30.0,1.17346254950419,0.0,9.293365637376047,0.0,False,2025-11-26,3960.87,4026.5025,0.0250509863927872,-2360912998862.0,2025-11-27 00:21:10
2025-03-10,245620,-0.1415188879888084,0.2726297541674118,-0.275185845512331,-0.329162941637455,0.009616686268548,0.2287008904675337,-14.15188879888084,23.25,-1.8501412571610512,415.0,,EDGC,KOSDAQ,,0.0,20.0,20.0,0.9616686268548,0.0,-6.278167394519401,12.5185845512331,False,2025-11-26,3960.87,4026.5025,0.0250509863927872,-2360912998862.0,2025-11-27 00:21:10
2025-03-10,015590,-0.1446751022665777,-0.0347901575603599,-0.2520217204462096,-0.2334655235889263,0.009616686268548,0.0486501336611824,-14.467510226657776,23.25,-1.8501412571610512,515.0,,DKME,KOSPI,,0.0,10.0,10.0,0.9616686268548,0.0,-6.961754887907258,10.202172044620959,False,2025-11-26,3960.87,4026.5025,0.0250509863927872,-2360912998862.0,2025-11-27 00:21:10
