code,name,market,sector,listed_at,delisted_at
005930,삼성전자,KOSPI,전자/부품,,
000660,SK하이닉스,KOSPI,반도체,,
373220,LG에너지솔루션,KOSPI,2차전지,,
207940,삼성바이오로직스,KOSPI,바이오/제약,,
005935,삼성전자우,KOSPI,전자/부품,,
005380,현대차,KOSPI,자동차/모빌리티,,
329180,HD현대중공업,KOSPI,기계/중공업·방산,,
034020,두산에너빌리티,KOSPI,기계/중공업·방산,,
000270,기아,KOSPI,자동차/모빌리티,,
012450,한화에어로스페이스,KOSPI,기계/중공업·방산,,
105560,KB금융,KOSPI,금융,,
028260,삼성물산,KOSPI,복합기업,,
068270,셀트리온,KOSPI,바이오/제약,,
402340,SK스퀘어,KOSPI,복합기업,,
035420,NAVER,KOSPI,인터넷/플랫폼·콘텐츠,,
055550,신한지주,KOSPI,금융,,
042660,한화오션,KOSPI,기계/중공업·방산,,
012330,현대모비스,KOSPI,자동차/모빌리티,,
015760,한국전력,KOSPI,전기유틸리티,,
009540,HD한국조선해양,KOSPI,조선/해양·해운,,
267260,HD현대일렉트릭,KOSPI,전기장비,,
032830,삼성생명,KOSPI,생명보험,,
010130,고려아연,KOSPI,비철금속,,
035720,카카오,KOSPI,인터넷/플랫폼·콘텐츠,,
051910,LG화학,KOSPI,정유/화학,,
005490,POSCO홀딩스,KOSPI,철강,,
086790,하나금융지주,KOSPI,금융,,
006400,삼성SDI,KOSPI,2차전지,,
010140,삼성중공업,KOSPI,조선,,
000810,삼성화재,KOSPI,손해보험,,
316140,우리금융지주,KOSPI,금융,,
009150,삼성전기,KOSPI,전자/부품,,
064350,현대로템,KOSPI,우주항공과국방,,
003670,포스코퓨처엠,KOSPI,2차전지,,
011200,HMM,KOSPI,조선/해양·해운,,
034730,SK,KOSPI,석유와가스,,
138040,메리츠금융지주,KOSPI,금융,,
096770,SK이노베이션,KOSPI,정유/화학,,
298040,효성중공업,KOSPI,전기장비,,
024110,기업은행,KOSPI,금융,,
033780,KT&G,KOSPI,통신,,
267250,HD현대,KOSPI,조선,,
066570,LG전자,KOSPI,전자/부품,,
010120,LS ELECTRIC,KOSPI,전자/부품,,
0126Z0,삼성에피스홀딩스,KOSPI,제약,,
000150,두산,KOSPI,기계/중공업·방산,,
086280,현대글로비스,KOSPI,자동차/모빌리티,,
018260,삼성에스디에스,KOSPI,IT서비스,,
030200,KT,KOSPI,통신,,
352820,하이브,KOSPI,방송과엔터테인먼트,,
003550,LG,KOSPI,복합기업,,
006800,미래에셋증권,KOSPI,금융,,
259960,크래프톤,KOSPI,게임엔터테인먼트,,
017670,SK텔레콤,KOSPI,통신,,
042700,한미반도체,KOSPI,반도체,,
047810,한국항공우주,KOSPI,기계/중공업·방산,,
326030,SK바이오팜,KOSPI,바이오/제약,,
323410,카카오뱅크,KOSPI,인터넷/플랫폼·콘텐츠,,
007660,이수페타시스,KOSPI,전자장비와기기,,
272210,한화시스템,KOSPI,우주항공과국방,,
003230,삼양식품,KOSPI,소비재/유통,,
047050,포스코인터내셔널,KOSPI,정유/화학,,
278470,에이피알,KOSPI,화장품,,
000100,유한양행,KOSPI,제약,,
010950,S-Oil,KOSPI,정유/화학,,
443060,HD현대마린솔루션,KOSPI,조선/해양·해운,,
010620,HD현대미포,KOSPI,조선/해양·해운,,
071050,한국금융지주,KOSPI,금융,,
005830,DB손해보험,KOSPI,금융,,
000720,현대건설,KOSPI,건설,,
079550,LIG넥스원,KOSPI,우주항공과국방,,
003490,대한항공,KOSPI,항공사,,
307950,현대오토에버,KOSPI,자동차/모빌리티,,
180640,한진칼,KOSPI,자동차/모빌리티,,
161390,한국타이어앤테크놀로지,KOSPI,자동차부품,,
039490,키움증권,KOSPI,금융,,
005940,NH투자증권,KOSPI,금융,,
005387,현대차2우B,KOSPI,자동차/모빌리티,,
090430,아모레퍼시픽,KOSPI,소비재/유통,,
016360,삼성증권,KOSPI,금융,,
011070,LG이노텍,KOSPI,전자/부품,,
064400,LG씨엔에스,KOSPI,IT서비스,,
029780,삼성카드,KOSPI,카드,,
032640,LG유플러스,KOSPI,통신,,
000880,한화,KOSPI,복합기업,,
377300,카카오페이,KOSPI,인터넷/플랫폼·콘텐츠,,
034220,LG디스플레이,KOSPI,디스플레이패널,,
021240,코웨이,KOSPI,소비재/유통,,
006260,LS,KOSPI,전기장비,,
128940,한미약품,KOSPI,제약,,
241560,두산밥캣,KOSPI,기계/중공업·방산,,
088980,맥쿼리인프라,KOSPI,소비재/유통,,
454910,두산로보틱스,KOSPI,기계/중공업·방산,,
001040,CJ,KOSPI,소비재/유통,,
078930,GS,KOSPI,소비재/유통,,
066970,엘앤에프,KOSPI,2차전지,,
028050,삼성E&A,KOSPI,건설,,
005385,현대차우,KOSPI,자동차/모빌리티,,
138930,BNK금융지주,KOSPI,금융,,
009830,한화솔루션,KOSPI,에너지장비및서비스,,
196170,알테오젠,KOSDAQ,바이오/제약,,
247540,에코프로비엠,KOSDAQ,전기제품,,
086520,에코프로,KOSDAQ,화학,,
298380,에이비엘바이오,KOSDAQ,바이오/제약,,
277810,레인보우로보틱스,KOSDAQ,기계/중공업·방산,,
950160,코오롱티슈진,KOSDAQ,생물공학,,
141080,리가켐바이오,KOSDAQ,바이오/제약,,
028300,HLB,KOSDAQ,건강관리장비와용품,,
087010,펩트론,KOSDAQ,생물공학,,
000250,삼천당제약,KOSDAQ,바이오/제약,,
058470,리노공업,KOSDAQ,반도체,,
108490,로보티즈,KOSDAQ,기계,,
214450,파마리서치,KOSDAQ,건강관리장비와용품,,
310210,보로노이,KOSDAQ,제약,,
347850,디앤디파마텍,KOSDAQ,생물공학,,
214370,케어젠,KOSDAQ,건강관리업체및서비스,,
214150,클래시스,KOSDAQ,건강관리장비와용품,,
039030,이오테크닉스,KOSDAQ,반도체와반도체장비,,
0009K0,에임드바이오,KOSDAQ,바이오/제약,,
240810,원익IPS,KOSDAQ,반도체와반도체장비,,
145020,휴젤,KOSDAQ,바이오/제약,,
226950,올릭스,KOSDAQ,생명과학도구및서비스,,
068760,셀트리온제약,KOSDAQ,바이오/제약,,
237690,에스티팜,KOSDAQ,바이오/제약,,
257720,실리콘투,KOSDAQ,인터넷과카탈로그소매,,
403870,HPSP,KOSDAQ,반도체와반도체장비,,
035900,JYP Ent.,KOSDAQ,인터넷/플랫폼·콘텐츠,,
263750,펄어비스,KOSDAQ,게임엔터테인먼트,,
041510,에스엠,KOSDAQ,방송과엔터테인먼트,,
030530,원익홀딩스,KOSDAQ,반도체와반도체장비,,
039200,오스코텍,KOSDAQ,제약,,
140410,메지온,KOSDAQ,바이오/제약,,
095340,ISC,KOSDAQ,반도체,,
357780,솔브레인,KOSDAQ,반도체,,
222800,심텍,KOSDAQ,전자장비와기기,,
160190,하이젠알앤엠,KOSDAQ,기계,,
005290,동진쎄미켐,KOSDAQ,반도체,,
098460,고영,KOSDAQ,전자장비와기기,,
475830,오름테라퓨틱,KOSDAQ,제약,,
065350,신성델타테크,KOSDAQ,가정용기기와용품,,
083650,비에이치아이,KOSDAQ,에너지장비및서비스,,
060370,LS마린솔루션,KOSDAQ,조선/해양·해운,,
084370,유진테크,KOSDAQ,반도체,,
445680,큐리옥스바이오시스템즈,KOSDAQ,바이오/제약,,
064760,티씨케이,KOSDAQ,반도체와반도체장비,,
058610,에스피지,KOSDAQ,전기제품,,
089030,테크윙,KOSDAQ,반도체,,
067310,하나마이크론,KOSDAQ,반도체,,
290650,엘앤씨바이오,KOSDAQ,바이오/제약,,
437730,삼현,KOSDAQ,자동차부품,,
323280,태성,KOSDAQ,전자장비와기기,,
178320,서진시스템,KOSDAQ,전기장비,,
140860,파크시스템스,KOSDAQ,전자장비와기기,,
348370,엔켐,KOSDAQ,2차전지,,
458870,씨어스테크놀로지,KOSDAQ,건강관리기술,,
195940,HK이노엔,KOSDAQ,제약,,
003380,하림지주,KOSDAQ,금융,,
293490,카카오게임즈,KOSDAQ,인터넷/플랫폼·콘텐츠,,
007390,네이처셀,KOSDAQ,바이오/제약,,
035760,CJ ENM,KOSDAQ,인터넷/플랫폼·콘텐츠,,
036930,주성엔지니어링,KOSDAQ,반도체,,
096530,씨젠,KOSDAQ,바이오/제약,,
466100,클로봇,KOSDAQ,기계,,
358570,지아이이노베이션,KOSDAQ,정유/화학,,
456160,지투지바이오,KOSDAQ,바이오/제약,,
082270,젬백스,KOSDAQ,반도체와반도체장비,,
085660,차바이오텍,KOSDAQ,바이오/제약,,
204270,제이앤티씨,KOSDAQ,핸드셋,,
319400,현대무벡스,KOSDAQ,기계,,
078600,대주전자재료,KOSDAQ,전자/부품,,
253450,스튜디오드래곤,KOSDAQ,인터넷/플랫폼·콘텐츠,,
122870,와이지엔터테인먼트,KOSDAQ,인터넷/플랫폼·콘텐츠,,
232140,와이씨,KOSDAQ,반도체와반도체장비,,
440110,파두,KOSDAQ,반도체,,
376900,로킷헬스케어,KOSDAQ,건강관리장비와용품,,
389470,인벤티지랩,KOSDAQ,제약,,
328130,루닛,KOSDAQ,건강관리기술,,
424870,이뮨온시아,KOSDAQ,제약,,
388720,유일로보틱스,KOSDAQ,기계/중공업·방산,,
161580,필옵틱스,KOSDAQ,전자장비와기기,,
468530,프로티나,KOSDAQ,생물공학,,
397030,에이프릴바이오,KOSDAQ,바이오/제약,,
115180,큐리언트,KOSDAQ,바이오/제약,,
281740,레이크머티리얼즈,KOSDAQ,2차전지,,
137400,피엔티,KOSDAQ,전기제품,,
101490,에스앤에스텍,KOSDAQ,반도체와반도체장비,,
213420,덕산네오룩스,KOSDAQ,디스플레이장비및부품,,
287840,인투셀,KOSDAQ,제약,,
112040,위메이드,KOSDAQ,인터넷/플랫폼·콘텐츠,,
031980,피에스케이홀딩스,KOSDAQ,반도체와반도체장비,,
319660,피에스케이,KOSDAQ,반도체와반도체장비,,
006730,서부T&D,KOSDAQ,"호텔,레스토랑,레저",,
486990,노타,KOSDAQ,IT서비스,,
086900,메디톡스,KOSDAQ,생물공학,,
183300,코미코,KOSDAQ,반도체,,
036830,솔브레인홀딩스,KOSDAQ,반도체,,
056190,에스에프에이,KOSDAQ,기계,,
166090,하나머티리얼즈,KOSDAQ,반도체와반도체장비,,
086450,동국제약,KOSDAQ,바이오/제약,,
218410,RFHIC,KOSDAQ,통신장비,,
336370,솔루스첨단소재,KOSPI,2차전지,,
462350,이노스페이스,KOSDAQ,항공,,
097230,HJ중공업,KOSPI,조선,,
018880,한온시스템,KOSPI,자동차부품,,
